filename,text
00000.wav,964-69-44
00001.wav,41-4
00002.wav,558
00003.wav,4481-1180
00004.wav,57
00005.wav,22
00006.wav,49823034
00007.wav,84
00008.wav,343
00009.wav,17
00010.wav,175-15-06
00011.wav,57-0802
00012.wav,096970
00013.wav,94-0814
00014.wav,06
00015.wav,0
00016.wav,92
00017.wav,701767
00018.wav,18-54262
00019.wav,732-67-69
00020.wav,622
00021.wav,942
00022.wav,819
00023.wav,2
00024.wav,195118
00025.wav,92
00026.wav,012
00027.wav,641210
00028.wav,146
00029.wav,02-97
00030.wav,236636
00031.wav,061
00032.wav,40
00033.wav,895-3802
00034.wav,0-
00035.wav,6117
00036.wav,00
00037.wav,92
00038.wav,724806
00039.wav,7
00040.wav,322
00041.wav,417-1
00042.wav,351
00043.wav,058
00044.wav,775
00045.wav,592459
00046.wav,09
00047.wav,48658937-02
00048.wav,502
00049.wav,2
00050.wav,02
00051.wav,991
00052.wav,0-1
00053.wav,20000
00054.wav,29
00055.wav,00
00056.wav,075
00057.wav,66-10-9
00058.wav,352
00059.wav,60
00060.wav,0504675-0
00061.wav,79433-19
00062.wav,41-44264
00063.wav,7-
00064.wav,2804211758489-28
00065.wav,98635-017
00066.wav,1336737
00067.wav,008920-092082
00068.wav,644-024
00069.wav,71
00070.wav,048
00071.wav,00
00072.wav,82738267916-0493-974
00073.wav,55-18
00074.wav,28-839
00075.wav,0
00076.wav,2
00077.wav,010
00078.wav,25
00079.wav,0480
00080.wav,31245475
00081.wav,397466-47
00082.wav,3375
00083.wav,27204
00084.wav,04
00085.wav,717-10
00086.wav,75
00087.wav,8164
00088.wav,619
00089.wav,09
00090.wav,1011
00091.wav,3965
00092.wav,3078-2317
00093.wav,7533
00094.wav,5300
00095.wav,040-53464-9
00096.wav,172-24
00097.wav,06
00098.wav,6851781
00099.wav,958-4
00100.wav,26-5
00101.wav,8731
00102.wav,582353442
00103.wav,953-35
00104.wav,639
00105.wav,34-610
00106.wav,120197-452
00107.wav,344
00108.wav,9661
00109.wav,20
00110.wav,259-33993
00111.wav,0
00112.wav,485
00113.wav,0411750
00114.wav,3
00115.wav,325
00116.wav,2503
00117.wav,466-035
00118.wav,762
00119.wav,
00120.wav,95-509082
00121.wav,38489
00122.wav,86983433632
00123.wav,92251
00124.wav,571
00125.wav,252520
00126.wav,283
00127.wav,79-19
00128.wav,156
00129.wav,592667
00130.wav,880-1265
00131.wav,98
00132.wav,460
00133.wav,0429
00134.wav,00
00135.wav,30
00136.wav,1426
00137.wav,0
00138.wav,13809177
00139.wav,67-2
00140.wav,521
00141.wav,991
00142.wav,10
00143.wav,01
00144.wav,10085
00145.wav,4
00146.wav,695-61
00147.wav,5-
00148.wav,821-32-166
00149.wav,1332
00150.wav,09
00151.wav,5188
00152.wav,01133750
00153.wav,60040
00154.wav,05
00155.wav,29731-661
00156.wav,170-328
00157.wav,53
00158.wav,465-360
00159.wav,29
00160.wav,9012272
00161.wav,12043-4233
00162.wav,62
00163.wav,92
00164.wav,162
00165.wav,463-02
00166.wav,
00167.wav,532
00168.wav,9
00169.wav,75794-23
00170.wav,10
00171.wav,36997-29430-285-32
00172.wav,2064
00173.wav,043
00174.wav,
00175.wav,504
00176.wav,79-6675007158-7
00177.wav,196448-647
00178.wav,755691-026-0
00179.wav,204737
00180.wav,118
00181.wav,3495-711-5
00182.wav,31
00183.wav,65107586
00184.wav,81981-6
00185.wav,088330
00186.wav,7248-82-261
00187.wav,82615
00188.wav,27-98-45
00189.wav,7822-5
00190.wav,74014-052
00191.wav,54
00192.wav,1762674
00193.wav,80-5
00194.wav,03-3932857-0
00195.wav,6807-43
00196.wav,8-
00197.wav,70-7561-387-77
00198.wav,58619
00199.wav,11922
00200.wav,89
00201.wav,46-66
00202.wav,0712
00203.wav,-5
00204.wav,9975
00205.wav,751-7
00206.wav,2176708
00207.wav,713485-5282
00208.wav,42-30743
00209.wav,591
00210.wav,86
00211.wav,686-575265
00212.wav,38-8-41
00213.wav,596
00214.wav,469
00215.wav,11-81-598
00216.wav,6114488
00217.wav,30-62-9649
00218.wav,180514789
00219.wav,95-633
00220.wav,175797-87
00221.wav,75-4
00222.wav,23-706
00223.wav,11-06-9
00224.wav,75
00225.wav,
00226.wav,7549-09429
00227.wav,613
00228.wav,396
00229.wav,
00230.wav,2
00231.wav,1
00232.wav,-
00233.wav,744-70404962-595-58
00234.wav,94-1
00235.wav,889
00236.wav,77
00237.wav,87780
00238.wav,650
00239.wav,60
00240.wav,49
00241.wav,0
00242.wav,02
00243.wav,52-0-357
00244.wav,5762766-52
00245.wav,6868333-2930-468
00246.wav,1965-1
00247.wav,54963-438
00248.wav,6848
00249.wav,02070220801-7
00250.wav,17-1549
00251.wav,99
00252.wav,3159017130180
00253.wav,80
00254.wav,76
00255.wav,3
00256.wav,202
00257.wav,089
00258.wav,
00259.wav,75-
00260.wav,3098
00261.wav,--85
00262.wav,0
00263.wav,002
00264.wav,2602692-5
00265.wav,1
00266.wav,15-0
00267.wav,246-8676-153
00268.wav,23704738382
00269.wav,70
00270.wav,82
00271.wav,90
00272.wav,233-971
00273.wav,617-3636
00274.wav,386
00275.wav,60-9
00276.wav,98
00277.wav,78756
00278.wav,26-7
00279.wav,00
00280.wav,61
00281.wav,3169577
00282.wav,77
00283.wav,1216178
00284.wav,20-694792
00285.wav,498-5
00286.wav,1
00287.wav,379
00288.wav,46-707
00289.wav,2
00290.wav,-7
00291.wav,90
00292.wav,
00293.wav,94-9
00294.wav,68
00295.wav,0165
00296.wav,1
00297.wav,43-983
00298.wav,654
00299.wav,0
00300.wav,73952
00301.wav,9912
00302.wav,376-373158
00303.wav,12
00304.wav,688-34-9
00305.wav,938-645
00306.wav,01
00307.wav,60--
00308.wav,46-60
00309.wav,45
00310.wav,7322-2
00311.wav,79-3
00312.wav,04
00313.wav,087-420
00314.wav,85995-4535-1933
00315.wav,0663996
00316.wav,91
00317.wav,5
00318.wav,790
00319.wav,0
00320.wav,23
00321.wav,181-1973
00322.wav,4972
00323.wav,2
00324.wav,9
00325.wav,37581-247-1
00326.wav,31754
00327.wav,892
00328.wav,0853720
00329.wav,995
00330.wav,0901-82545
00331.wav,67
00332.wav,15-9
00333.wav,83
00334.wav,06324
00335.wav,21-74
00336.wav,4407
00337.wav,545
00338.wav,63-03682865
00339.wav,186-5691
00340.wav,59
00341.wav,827
00342.wav,20131
00343.wav,436-5243547
00344.wav,259-094
00345.wav,92-0386-304
00346.wav,623
00347.wav,23-46
00348.wav,
00349.wav,62
00350.wav,92
00351.wav,4030
00352.wav,535-89-395-68522
00353.wav,000
00354.wav,895-68923
00355.wav,9
00356.wav,50
00357.wav,904-509
00358.wav,303-28
00359.wav,71
00360.wav,811
00361.wav,80720-59
00362.wav,599-29
00363.wav,622
00364.wav,1550097303
00365.wav,010
00366.wav,681-860
00367.wav,739-26
00368.wav,19
00369.wav,88
00370.wav,30
00371.wav,29
00372.wav,11785947
00373.wav,95
00374.wav,2883
00375.wav,1861-8
00376.wav,356-2528
00377.wav,609
00378.wav,98-736
00379.wav,6689592
00380.wav,60026
00381.wav,149-982
00382.wav,931368-24-13
00383.wav,703
00384.wav,254-29825
00385.wav,40633
00386.wav,903-531
00387.wav,7770
00388.wav,0588-570-25219662-41
00389.wav,41-82
00390.wav,62
00391.wav,0406353-4
00392.wav,01
00393.wav,8777365-486
00394.wav,854
00395.wav,6014
00396.wav,368-560-1131
00397.wav,6
00398.wav,53859-80466-55-239
00399.wav,11
00400.wav,346-880841994
00401.wav,73
00402.wav,254
00403.wav,0012
00404.wav,9299
00405.wav,91405
00406.wav,21
00407.wav,990
00408.wav,1
00409.wav,2760
00410.wav,670
00411.wav,
00412.wav,366-26344067
00413.wav,98
00414.wav,88
00415.wav,577-0
00416.wav,9595
00417.wav,7284-3940368656
00418.wav,7
00419.wav,53-78-786
00420.wav,2456-97
00421.wav,9
00422.wav,0010
00423.wav,635
00424.wav,12
00425.wav,1895-27529
00426.wav,1539548
00427.wav,47
00428.wav,30
00429.wav,8
00430.wav,44801756
00431.wav,6585
00432.wav,9574
00433.wav,010
00434.wav,5461
00435.wav,0
00436.wav,55-05
00437.wav,9936
00438.wav,
00439.wav,2
00440.wav,02
00441.wav,96-8
00442.wav,012
00443.wav,78208-14958331-1
00444.wav,26379
00445.wav,6-039-1
00446.wav,49310
00447.wav,41335-53-3
00448.wav,892-552-8307
00449.wav,2
00450.wav,65
00451.wav,77
00452.wav,0842757
00453.wav,334809674
00454.wav,36-02
00455.wav,0946-91501
00456.wav,670-55344
00457.wav,373
00458.wav,965
00459.wav,909-81
00460.wav,4294829
00461.wav,98093438710
00462.wav,59-235
00463.wav,13457396
00464.wav,39-
00465.wav,0474-819
00466.wav,50
00467.wav,733
00468.wav,858-772-76-35
00469.wav,3
00470.wav,0
00471.wav,01-670
00472.wav,077
00473.wav,54
00474.wav,8326-0
00475.wav,9
00476.wav,43--7
00477.wav,33
00478.wav,005
00479.wav,60
00480.wav,52-0
00481.wav,016
00482.wav,92
00483.wav,54-8758
00484.wav,4931
00485.wav,80
00486.wav,831-0480
00487.wav,000-4
00488.wav,0274-751
00489.wav,8-7
00490.wav,92-26-1
00491.wav,17-3
00492.wav,29248296044248
00493.wav,000
00494.wav,37
00495.wav,220-48
00496.wav,749
00497.wav,11
00498.wav,47353
00499.wav,759-719756
00500.wav,4129
00501.wav,62970
00502.wav,3
00503.wav,3453
00504.wav,803-6
00505.wav,07230-02168-06399
00506.wav,0125-66
00507.wav,34066915-8928-44
00508.wav,4
00509.wav,68-85
00510.wav,515
00511.wav,24-6
00512.wav,11
00513.wav,02
00514.wav,60-3
00515.wav,644-8415
00516.wav,37632
00517.wav,912492-18
00518.wav,172-18
00519.wav,30
00520.wav,4206-80
00521.wav,12
00522.wav,5163163
00523.wav,858-99
00524.wav,
00525.wav,9534-83-3
00526.wav,66919
00527.wav,961
00528.wav,04164
00529.wav,07
00530.wav,41-46792
00531.wav,8823560
00532.wav,0
00533.wav,5
00534.wav,
00535.wav,32249
00536.wav,5572-10750-561-59
00537.wav,73
00538.wav,0
00539.wav,00224202
00540.wav,76-88
00541.wav,13953
00542.wav,646
00543.wav,92724649-6
00544.wav,0
00545.wav,85-219
00546.wav,05420
00547.wav,01
00548.wav,18
00549.wav,46
00550.wav,990
00551.wav,0113977
00552.wav,85479-1016
00553.wav,372-20-1
00554.wav,625543
00555.wav,8450579
00556.wav,08706-46
00557.wav,3102825
00558.wav,501
00559.wav,854-264
00560.wav,553993
00561.wav,8336-7017
00562.wav,379
00563.wav,57
00564.wav,63
00565.wav,75-1
00566.wav,257-1
00567.wav,9706
00568.wav,0
00569.wav,6321-467--
00570.wav,47
00571.wav,3401
00572.wav,04-23
00573.wav,
00574.wav,63
00575.wav,009-38
00576.wav,28
00577.wav,711315206
00578.wav,76-60
00579.wav,9272775
00580.wav,5350
00581.wav,-
00582.wav,0
00583.wav,73
00584.wav,45-2
00585.wav,96
00586.wav,58932
00587.wav,1
00588.wav,6701
00589.wav,390
00590.wav,313-9
00591.wav,77
00592.wav,004
00593.wav,8013246
00594.wav,
00595.wav,38-459
00596.wav,845
00597.wav,708-6--2
00598.wav,170-6
00599.wav,
00600.wav,18
00601.wav,038-224715323
00602.wav,88595
00603.wav,55
00604.wav,7
00605.wav,368837537
00606.wav,08-7
00607.wav,79-6123
00608.wav,030138
00609.wav,712141
00610.wav,37
00611.wav,0
00612.wav,400
00613.wav,4916
00614.wav,49-05-760
00615.wav,1
00616.wav,370752
00617.wav,1-926-87
00618.wav,956-71-278575-5
00619.wav,48-9
00620.wav,18-40
00621.wav,40-29
00622.wav,20
00623.wav,
00624.wav,289-96
00625.wav,523
00626.wav,
00627.wav,035-7
00628.wav,0
00629.wav,95-83
00630.wav,2
00631.wav,392
00632.wav,53
00633.wav,4442223
00634.wav,31-8
00635.wav,0000
00636.wav,0852200
00637.wav,2
00638.wav,588430
00639.wav,03
00640.wav,78
00641.wav,0
00642.wav,90
00643.wav,0228
00644.wav,72-7-87
00645.wav,0790
00646.wav,32-2
00647.wav,193-58-13
00648.wav,038623
00649.wav,2847184
00650.wav,39221
00651.wav,707938-761
00652.wav,5765
00653.wav,53-380
00654.wav,9574-13
00655.wav,6
00656.wav,058
00657.wav,3
00658.wav,3958-578
00659.wav,03
00660.wav,817
00661.wav,
00662.wav,94204
00663.wav,830-0
00664.wav,34
00665.wav,58098-55
00666.wav,100729
00667.wav,00
00668.wav,071
00669.wav,630244443
00670.wav,64
00671.wav,7-
00672.wav,0
00673.wav,0
00674.wav,40-35-9116132-253
00675.wav,56
00676.wav,85
00677.wav,02
00678.wav,27775
00679.wav,0
00680.wav,0552
00681.wav,0841251
00682.wav,681778-878
00683.wav,80
00684.wav,21-884
00685.wav,18
00686.wav,88---8-
00687.wav,604-
00688.wav,742-332
00689.wav,73
00690.wav,1
00691.wav,41--0
00692.wav,0
00693.wav,202-29
00694.wav,34
00695.wav,432
00696.wav,01
00697.wav,6500547
00698.wav,080
00699.wav,98-12-81
00700.wav,346-50-3367-94
00701.wav,201-0
00702.wav,181
00703.wav,6099
00704.wav,88
00705.wav,70
00706.wav,04
00707.wav,27881
00708.wav,99
00709.wav,34011
00710.wav,17344-77
00711.wav,77
00712.wav,2911
00713.wav,1701-9
00714.wav,52
00715.wav,68-15
00716.wav,5
00717.wav,5-
00718.wav,55-1
00719.wav,044
00720.wav,3090741
00721.wav,
00722.wav,1809-49
00723.wav,886
00724.wav,5-0
00725.wav,62-43503059
00726.wav,936935
00727.wav,61
00728.wav,3852
00729.wav,9076422202-2904
00730.wav,7-16-965
00731.wav,
00732.wav,6
00733.wav,471-071-2
00734.wav,056-1-
00735.wav,
00736.wav,
00737.wav,4360
00738.wav,0
00739.wav,15
00740.wav,49
00741.wav,41-60
00742.wav,441-5846
00743.wav,00
00744.wav,57
00745.wav,3452682
00746.wav,5031-0
00747.wav,-96
00748.wav,370
00749.wav,959
00750.wav,30
00751.wav,2
00752.wav,99-01-26
00753.wav,406767101
00754.wav,99720
00755.wav,0
00756.wav,95-825
00757.wav,06
00758.wav,348-91
00759.wav,8810
00760.wav,0
00761.wav,07041
00762.wav,00
00763.wav,61-75
00764.wav,08479-29
00765.wav,230435
00766.wav,39
00767.wav,470-48
00768.wav,732
00769.wav,263-3
00770.wav,9535
00771.wav,638-8
00772.wav,13
00773.wav,4796-897
00774.wav,28
00775.wav,14-80778-12
00776.wav,29-820
00777.wav,03
00778.wav,769
00779.wav,7782
00780.wav,7312
00781.wav,00
00782.wav,
00783.wav,1
00784.wav,59-5
00785.wav,50639
00786.wav,49
00787.wav,89550-5590
00788.wav,0
00789.wav,253-82-7450161-664
00790.wav,884
00791.wav,0
00792.wav,7685685-04-052
00793.wav,759
00794.wav,902
00795.wav,854680843
00796.wav,27
00797.wav,080-0396
00798.wav,01
00799.wav,-5318
00800.wav,8038
00801.wav,2932
00802.wav,94-13545
00803.wav,92-391
00804.wav,1013
00805.wav,41323
00806.wav,003-5054
00807.wav,522
00808.wav,1
00809.wav,449
00810.wav,1817539
00811.wav,366595
00812.wav,26
00813.wav,00901
00814.wav,9502
00815.wav,822-76-0
00816.wav,4821
00817.wav,400
00818.wav,000
00819.wav,0900
00820.wav,932914-9
00821.wav,760
00822.wav,0
00823.wav,33-3
00824.wav,69
00825.wav,068-69
00826.wav,074
00827.wav,0
00828.wav,23205-4176
00829.wav,1378
00830.wav,84-2
00831.wav,3467-688-0
00832.wav,140
00833.wav,97-107
00834.wav,50-5
00835.wav,01
00836.wav,53510482-2
00837.wav,276-76-65-31
00838.wav,66
00839.wav,579
00840.wav,96
00841.wav,8511344471
00842.wav,761
00843.wav,050
00844.wav,40-533
00845.wav,39
00846.wav,06
00847.wav,74-3
00848.wav,3593865
00849.wav,4
00850.wav,45-3212421
00851.wav,501
00852.wav,
00853.wav,569
00854.wav,90
00855.wav,20
00856.wav,756-17
00857.wav,61-86-30
00858.wav,058
00859.wav,34
00860.wav,8
00861.wav,6879
00862.wav,72-0827-7
00863.wav,4190
00864.wav,372812
00865.wav,0
00866.wav,4374
00867.wav,117
00868.wav,8043
00869.wav,76-838390
00870.wav,2--083654
00871.wav,749-9
00872.wav,713894
00873.wav,060
00874.wav,20-06
00875.wav,20-172-134
00876.wav,
00877.wav,53
00878.wav,2858-35
00879.wav,331-458
00880.wav,2
00881.wav,0044
00882.wav,056
00883.wav,60
00884.wav,5728583
00885.wav,6833327
00886.wav,419
00887.wav,5412
00888.wav,832173
00889.wav,19
00890.wav,313
00891.wav,6
00892.wav,51
00893.wav,5811---8-27
00894.wav,1031081
00895.wav,14
00896.wav,56-
00897.wav,05-09
00898.wav,951
00899.wav,9
00900.wav,37-02
00901.wav,64
00902.wav,479-7878
00903.wav,4289-39-4
00904.wav,74129797-10
00905.wav,40
00906.wav,46-375
00907.wav,31
00908.wav,4
00909.wav,361-06
00910.wav,61
00911.wav,52-30717415631245
00912.wav,434645103
00913.wav,7573
00914.wav,9464
00915.wav,30-9
00916.wav,99-707
00917.wav,58-0
00918.wav,2684112
00919.wav,18-6
00920.wav,11392-2981863
00921.wav,91220012
00922.wav,74-
00923.wav,998914
00924.wav,0
00925.wav,1297-97-235
00926.wav,121
00927.wav,0
00928.wav,502
00929.wav,74-56903
00930.wav,30
00931.wav,722
00932.wav,472
00933.wav,6
00934.wav,9742566884970
00935.wav,784-2
00936.wav,0905
00937.wav,
00938.wav,49-0
00939.wav,32
00940.wav,3828-337
00941.wav,80
00942.wav,8430-509
00943.wav,17938494-619-02
00944.wav,990
00945.wav,20
00946.wav,45-20-873-94
00947.wav,2891
00948.wav,40-3828
00949.wav,8625
00950.wav,9597
00951.wav,3356-70
00952.wav,626660247-151
00953.wav,378-551-92326
00954.wav,122-2-29-6394
00955.wav,
00956.wav,0
00957.wav,24-588-8
00958.wav,104812248
00959.wav,771
00960.wav,9
00961.wav,6223
00962.wav,19
00963.wav,0
00964.wav,5043
00965.wav,3
00966.wav,504-6566-0
00967.wav,40
00968.wav,7452218666-95
00969.wav,95-704
00970.wav,83-5671833-7938
00971.wav,7676
00972.wav,284
00973.wav,815177
00974.wav,99994
00975.wav,7497
00976.wav,0
00977.wav,22-338-4
00978.wav,43-73-9
00979.wav,685
00980.wav,0
00981.wav,7700
00982.wav,88-32
00983.wav,6
00984.wav,9907106115
00985.wav,76118-0-89
00986.wav,99-3012883
00987.wav,55
00988.wav,87-915
00989.wav,707
00990.wav,
00991.wav,0
00992.wav,0
00993.wav,87
00994.wav,0
00995.wav,530-17
00996.wav,47-0
00997.wav,37818
00998.wav,82-516
00999.wav,8
01000.wav,492192
01001.wav,737
01002.wav,1
01003.wav,03
01004.wav,182210-0
01005.wav,203-50
01006.wav,090
01007.wav,597-3
01008.wav,36-7
01009.wav,95
01010.wav,
01011.wav,8618-4
01012.wav,7727
01013.wav,7048
01014.wav,519
01015.wav,630
01016.wav,42
01017.wav,94-05
01018.wav,661
01019.wav,301
01020.wav,533532891
01021.wav,12-479917
01022.wav,52-9
01023.wav,820
01024.wav,452887
01025.wav,16
01026.wav,79-655126
01027.wav,450
01028.wav,380882
01029.wav,099
01030.wav,387-439
01031.wav,54
01032.wav,95
01033.wav,757
01034.wav,203
01035.wav,108619-574835-79-267
01036.wav,0-22012
01037.wav,58757205
01038.wav,9-
01039.wav,3803
01040.wav,1656
01041.wav,4574406--08
01042.wav,127-
01043.wav,0
01044.wav,90
01045.wav,3
01046.wav,90
01047.wav,07
01048.wav,8
01049.wav,86-2
01050.wav,7
01051.wav,7602-88
01052.wav,3818
01053.wav,0
01054.wav,853
01055.wav,8530
01056.wav,76-34-68
01057.wav,66-3
01058.wav,29-127
01059.wav,78-0
01060.wav,
01061.wav,20
01062.wav,959
01063.wav,4022-13
01064.wav,833-303
01065.wav,02
01066.wav,9680
01067.wav,67325
01068.wav,935336
01069.wav,525-1007313
01070.wav,388-01
01071.wav,562
01072.wav,5130-8353
01073.wav,0
01074.wav,86
01075.wav,9958
01076.wav,8257131
01077.wav,27-0018-9
01078.wav,69-0
01079.wav,0
01080.wav,83581301
01081.wav,71231-8142026
01082.wav,13-21
01083.wav,88
01084.wav,475-98
01085.wav,86-57-62-87
01086.wav,49-47503-71
01087.wav,19
01088.wav,51
01089.wav,0800
01090.wav,0
01091.wav,19-53814
01092.wav,594-527
01093.wav,37-31-6
01094.wav,99317
01095.wav,73-6635
01096.wav,10
01097.wav,0
01098.wav,80
01099.wav,602
01100.wav,121-874-50938-493
01101.wav,80
01102.wav,07-26-26-0
01103.wav,8
01104.wav,555-3
01105.wav,2375
01106.wav,56717
01107.wav,37458
01108.wav,8711030412-7
01109.wav,078-24-74543
01110.wav,0
01111.wav,8532-14067
01112.wav,00
01113.wav,0
01114.wav,2688337
01115.wav,071126-52623
01116.wav,00
01117.wav,4521
01118.wav,72-581366
01119.wav,827
01120.wav,74-204
01121.wav,2
01122.wav,2
01123.wav,63-
01124.wav,42521
01125.wav,1
01126.wav,8158-4
01127.wav,00
01128.wav,4233288
01129.wav,61-58
01130.wav,701
01131.wav,02-30-22
01132.wav,624-27-1
01133.wav,14-58-69285-11
01134.wav,087
01135.wav,81659
01136.wav,94838-021-45-0
01137.wav,537-01108-93
01138.wav,56
01139.wav,35
01140.wav,789621-49-80
01141.wav,009
01142.wav,40
01143.wav,1868941
01144.wav,6099
01145.wav,19-80
01146.wav,552
01147.wav,7330
01148.wav,500
01149.wav,2
01150.wav,107
01151.wav,53
01152.wav,3435-527
01153.wav,789
01154.wav,81152
01155.wav,1
01156.wav,1
01157.wav,91-6
01158.wav,32-478
01159.wav,045
01160.wav,0
01161.wav,844-6
01162.wav,14465
01163.wav,45
01164.wav,
01165.wav,66-73-9
01166.wav,3265-34286
01167.wav,5505--6
01168.wav,1120-87
01169.wav,815
01170.wav,457497-7
01171.wav,5093
01172.wav,1
01173.wav,37
01174.wav,64510
01175.wav,91
01176.wav,
01177.wav,293
01178.wav,6243
01179.wav,880-7
01180.wav,57--9--9
01181.wav,538
01182.wav,1026-88
01183.wav,136
01184.wav,811-99
01185.wav,64-2555-41
01186.wav,0
01187.wav,99633-4
01188.wav,120
01189.wav,3051-66690
01190.wav,194-21
01191.wav,19-348
01192.wav,521
01193.wav,7320-8
01194.wav,500-5
01195.wav,20
01196.wav,25-585357764
01197.wav,61153
01198.wav,138-4841
01199.wav,96
01200.wav,23-4
01201.wav,97-7
01202.wav,16513835-3
01203.wav,98826985
01204.wav,063250
01205.wav,515206-427-97559
01206.wav,8306-443
01207.wav,170
01208.wav,42015
01209.wav,2-4-2717-1
01210.wav,98955-53
01211.wav,5117448
01212.wav,1
01213.wav,555
01214.wav,666
01215.wav,37-2978-693
01216.wav,274-525
01217.wav,158588
01218.wav,714444
01219.wav,6-9
01220.wav,45-0-9
01221.wav,0
01222.wav,20
01223.wav,33398
01224.wav,236
01225.wav,684350
01226.wav,
01227.wav,01
01228.wav,5
01229.wav,6973
01230.wav,2475--
01231.wav,40-452221
01232.wav,7925-868
01233.wav,00001
01234.wav,1
01235.wav,6371
01236.wav,7562430426
01237.wav,7262
01238.wav,954
01239.wav,2
01240.wav,05553
01241.wav,75609386
01242.wav,002
01243.wav,350-12149-0
01244.wav,7782
01245.wav,7100
01246.wav,13-14
01247.wav,58-5
01248.wav,1930835
01249.wav,754-37896-428
01250.wav,0
01251.wav,1039054
01252.wav,1476-02
01253.wav,
01254.wav,361
01255.wav,738445
01256.wav,92
01257.wav,58-71
01258.wav,300-74
01259.wav,5--2
01260.wav,58-5457
01261.wav,60656-2
01262.wav,550
01263.wav,73-527-384031-950
01264.wav,0262-85
01265.wav,353-97
01266.wav,8757
01267.wav,604
01268.wav,546
01269.wav,325530-63
01270.wav,1330
01271.wav,8446-220
01272.wav,07-55-9
01273.wav,5003
01274.wav,789-69598
01275.wav,944
01276.wav,5504-9
01277.wav,596
01278.wav,
01279.wav,5
01280.wav,86-068-9
01281.wav,73
01282.wav,3901
01283.wav,7423
01284.wav,3889
01285.wav,54
01286.wav,39
01287.wav,62-
01288.wav,0
01289.wav,10457936
01290.wav,43
01291.wav,44838
01292.wav,0
01293.wav,82357
01294.wav,32
01295.wav,54240-1
01296.wav,4561
01297.wav,4
01298.wav,21
01299.wav,89317494
01300.wav,33
01301.wav,603
01302.wav,
01303.wav,71601-16336
01304.wav,75233033-056-373-7160
01305.wav,77
01306.wav,87948440
01307.wav,3854-41
01308.wav,062-79
01309.wav,77
01310.wav,0189821
01311.wav,809
01312.wav,989-473
01313.wav,5554
01314.wav,89592
01315.wav,53-2
01316.wav,15-05-64
01317.wav,8022
01318.wav,99
01319.wav,44
01320.wav,61830
01321.wav,10
01322.wav,211
01323.wav,904509
01324.wav,67
01325.wav,4524
01326.wav,44-9
01327.wav,01
01328.wav,7353-15
01329.wav,4558
01330.wav,1270
01331.wav,05673
01332.wav,220
01333.wav,73662249
01334.wav,27240
01335.wav,188
01336.wav,4372
01337.wav,9
01338.wav,48-13891-21
01339.wav,7974-062
01340.wav,75
01341.wav,4367-9928
01342.wav,0
01343.wav,828
01344.wav,966-550
01345.wav,2
01346.wav,6727-49-552
01347.wav,00
01348.wav,11-86
01349.wav,916-8849
01350.wav,0
01351.wav,085-625-51-01-44
01352.wav,5965-57044
01353.wav,020
01354.wav,540505
01355.wav,62
01356.wav,572679
01357.wav,
01358.wav,97-84-7
01359.wav,8098
01360.wav,50329
01361.wav,41
01362.wav,0
01363.wav,4574-117
01364.wav,155811
01365.wav,85-804
01366.wav,02
01367.wav,2263-9713359-095-3
01368.wav,1
01369.wav,9933-77
01370.wav,864-85743
01371.wav,001
01372.wav,0
01373.wav,
01374.wav,2
01375.wav,910
01376.wav,6219
01377.wav,4
01378.wav,5284
01379.wav,4
01380.wav,76842
01381.wav,00
01382.wav,53
01383.wav,9466-0
01384.wav,772-007
01385.wav,45-90654-93
01386.wav,6634
01387.wav,39408
01388.wav,01
01389.wav,79
01390.wav,773-0198
01391.wav,76-162580
01392.wav,7
01393.wav,
01394.wav,44240
01395.wav,65-88-8
01396.wav,775
01397.wav,9
01398.wav,52
01399.wav,939816050227-75-8
01400.wav,385
01401.wav,5--57
01402.wav,5621
01403.wav,34862137
01404.wav,47-581238
01405.wav,2933-73
01406.wav,3628-953
01407.wav,7960
01408.wav,32
01409.wav,02
01410.wav,4-
01411.wav,51
01412.wav,72
01413.wav,475-0
01414.wav,74616-37
01415.wav,66
01416.wav,7285285
01417.wav,83-297-47-79
01418.wav,20
01419.wav,7
01420.wav,965-1
01421.wav,47-3
01422.wav,5734-52-749
01423.wav,093
01424.wav,01-08921
01425.wav,173-9--
01426.wav,50
01427.wav,91
01428.wav,12-2-23
01429.wav,56569
01430.wav,801
01431.wav,718354-96-7
01432.wav,93399
01433.wav,3
01434.wav,
01435.wav,8191
01436.wav,50-323-4141802-704
01437.wav,58
01438.wav,53996
01439.wav,82
01440.wav,0
01441.wav,38
01442.wav,60
01443.wav,10
01444.wav,050434
01445.wav,799
01446.wav,85-3
01447.wav,-7
01448.wav,995
01449.wav,677160868-11-78
01450.wav,024
01451.wav,406-3
01452.wav,0-2
01453.wav,890-96
01454.wav,0229220
01455.wav,0400-9
01456.wav,2436926869-6245-873-4
01457.wav,573-02-40-4431
01458.wav,86-17
01459.wav,336
01460.wav,84
01461.wav,2289
01462.wav,738-6
01463.wav,735
01464.wav,69
01465.wav,22
01466.wav,870-900
01467.wav,09
01468.wav,75210
01469.wav,47
01470.wav,776
01471.wav,9
01472.wav,771
01473.wav,1830435-10
01474.wav,64
01475.wav,
01476.wav,15-25-653
01477.wav,1153
01478.wav,83
01479.wav,889
01480.wav,86-32-1
01481.wav,36
01482.wav,21
01483.wav,631901
01484.wav,5162727
01485.wav,954
01486.wav,35-10-5
01487.wav,223
01488.wav,045
01489.wav,35708
01490.wav,53568-98-93
01491.wav,686-57428
01492.wav,6---01
01493.wav,9203-375
01494.wav,01
01495.wav,60
01496.wav,808
01497.wav,57
01498.wav,24
01499.wav,00
01500.wav,83741
01501.wav,6143-93-4
01502.wav,16740994548
01503.wav,038
01504.wav,36-
01505.wav,124-8
01506.wav,9856
01507.wav,0603-254
01508.wav,00
01509.wav,49-83-63-82467-517-9
01510.wav,09
01511.wav,90
01512.wav,760
01513.wav,72770-140
01514.wav,
01515.wav,9052030
01516.wav,2
01517.wav,25
01518.wav,00
01519.wav,76
01520.wav,66295
01521.wav,4859-6
01522.wav,954
01523.wav,3
01524.wav,238-4312847533-8244
01525.wav,5
01526.wav,29319
01527.wav,426-544-05
01528.wav,7-748
01529.wav,91
01530.wav,285
01531.wav,037
01532.wav,6--00794
01533.wav,6268-76-63
01534.wav,660
01535.wav,36601
01536.wav,
01537.wav,195-04070-1694
01538.wav,7501
01539.wav,0430--
01540.wav,557-6
01541.wav,26-52027786
01542.wav,5979
01543.wav,14-7485
01544.wav,202
01545.wav,571
01546.wav,37966637-677-1377587
01547.wav,0650-8
01548.wav,01
01549.wav,4548
01550.wav,21
01551.wav,948543042
01552.wav,0
01553.wav,316
01554.wav,94911
01555.wav,4660
01556.wav,56903
01557.wav,987-99440833
01558.wav,47-756
01559.wav,3337727
01560.wav,395-4
01561.wav,0
01562.wav,174
01563.wav,22
01564.wav,11
01565.wav,15
01566.wav,77056
01567.wav,80-931
01568.wav,454-12257054
01569.wav,57
01570.wav,42-6057-9
01571.wav,0
01572.wav,667
01573.wav,950
01574.wav,52
01575.wav,
01576.wav,9
01577.wav,70482
01578.wav,10-5
01579.wav,229-031-912
01580.wav,4
01581.wav,463
01582.wav,57
01583.wav,889876
01584.wav,1
01585.wav,6565
01586.wav,93-5
01587.wav,69-043505-50
01588.wav,1122
01589.wav,88
01590.wav,88581
01591.wav,
01592.wav,116-4
01593.wav,0
01594.wav,84-7
01595.wav,88739
01596.wav,000
01597.wav,041
01598.wav,3366-3722-4
01599.wav,72
01600.wav,6917-5248
01601.wav,52-10-38
01602.wav,
01603.wav,63
01604.wav,714
01605.wav,768
01606.wav,
01607.wav,39
01608.wav,77
01609.wav,72-432
01610.wav,8022
01611.wav,7-40465
01612.wav,7707
01613.wav,78-31741
01614.wav,056
01615.wav,1
01616.wav,5
01617.wav,85-914-78
01618.wav,46848-01
01619.wav,89
01620.wav,26767
01621.wav,044024
01622.wav,134518888715-1
01623.wav,00
01624.wav,48408
01625.wav,0
01626.wav,19-54
01627.wav,88-91661-298-252
01628.wav,62-28-46-76-200
01629.wav,0
01630.wav,91795
01631.wav,5250390
01632.wav,22
01633.wav,285-32-30
01634.wav,64-2
01635.wav,089
01636.wav,8558-9
01637.wav,03085-446223541
01638.wav,55
01639.wav,96483
01640.wav,8
01641.wav,577774-91-67-297-4
01642.wav,5852
01643.wav,334
01644.wav,0
01645.wav,6049
01646.wav,886-21
01647.wav,589
01648.wav,212528
01649.wav,41550
01650.wav,2432-02-300
01651.wav,0
01652.wav,4016-2
01653.wav,146-73
01654.wav,3377
01655.wav,0704-51
01656.wav,1
01657.wav,9
01658.wav,145-43
01659.wav,33
01660.wav,06
01661.wav,910
01662.wav,8207314
01663.wav,0
01664.wav,3096211
01665.wav,7339-5
01666.wav,3402447-0881-637-06
01667.wav,444-20-4
01668.wav,792
01669.wav,9-224
01670.wav,53545-47
01671.wav,527-21
01672.wav,154
01673.wav,75-1952-9
01674.wav,15
01675.wav,68765
01676.wav,66787619
01677.wav,8860330
01678.wav,9
01679.wav,740326
01680.wav,958
01681.wav,20-517768
01682.wav,125333
01683.wav,696-06
01684.wav,18261554
01685.wav,30-
01686.wav,438177
01687.wav,245
01688.wav,02
01689.wav,928-7333
01690.wav,041
01691.wav,39
01692.wav,0
01693.wav,798869
01694.wav,1993
01695.wav,20-932
01696.wav,1878-27
01697.wav,118
01698.wav,85-648
01699.wav,011--016749
01700.wav,538
01701.wav,93051-63-5
01702.wav,68
01703.wav,212
01704.wav,71
01705.wav,849-898-52
01706.wav,388-32-8
01707.wav,11-5
01708.wav,42-666
01709.wav,50259650617
01710.wav,7
01711.wav,2
01712.wav,51-75
01713.wav,97-7
01714.wav,1
01715.wav,46
01716.wav,3
01717.wav,83430226419
01718.wav,922
01719.wav,55505
01720.wav,477
01721.wav,085-03646
01722.wav,335-80154811
01723.wav,27--5606
01724.wav,72
01725.wav,720
01726.wav,551
01727.wav,964-4
01728.wav,941969
01729.wav,523-96207
01730.wav,3
01731.wav,37-8
01732.wav,734-52-1530-45839
01733.wav,49--7
01734.wav,89-4731
01735.wav,40998
01736.wav,24-91
01737.wav,0
01738.wav,9316146440673
01739.wav,60-5
01740.wav,18822
01741.wav,2955
01742.wav,651292663
01743.wav,9574-67
01744.wav,10-14
01745.wav,95-64059
01746.wav,3590-29
01747.wav,9179
01748.wav,8948
01749.wav,567-170-12
01750.wav,900
01751.wav,695
01752.wav,618227132
01753.wav,23
01754.wav,5978-159-2908
01755.wav,23-839
01756.wav,0
01757.wav,5763
01758.wav,03
01759.wav,8692
01760.wav,442
01761.wav,66
01762.wav,9029
01763.wav,01
01764.wav,5475
01765.wav,4
01766.wav,3214-10
01767.wav,005
01768.wav,3850505
01769.wav,57-37
01770.wav,79
01771.wav,53-7569557
01772.wav,06
01773.wav,5359-47-02-5
01774.wav,3156-114
01775.wav,737
01776.wav,88403
01777.wav,36166
01778.wav,361
01779.wav,76850
01780.wav,21-27
01781.wav,59
01782.wav,3055392
01783.wav,96-12
01784.wav,320363
01785.wav,8
01786.wav,7629-61
01787.wav,20
01788.wav,550934
01789.wav,1
01790.wav,
01791.wav,327-79
01792.wav,31-26-388-9
01793.wav,99525316
01794.wav,87-76
01795.wav,6531
01796.wav,0-7598
01797.wav,15-570
01798.wav,69
01799.wav,11-36928
01800.wav,70-2506651-1636
01801.wav,31-30942
01802.wav,841461-49
01803.wav,9
01804.wav,94
01805.wav,0
01806.wav,04
01807.wav,78715
01808.wav,608
01809.wav,753
01810.wav,123-1988
01811.wav,57
01812.wav,
01813.wav,8879
01814.wav,956
01815.wav,5042-51
01816.wav,96
01817.wav,361
01818.wav,11
01819.wav,327-28-3
01820.wav,569-4
01821.wav,00
01822.wav,9110
01823.wav,7882
01824.wav,80--7179
01825.wav,756235-436
01826.wav,11
01827.wav,780050022
01828.wav,14-06-0038
01829.wav,500
01830.wav,08
01831.wav,167
01832.wav,21-195-15
01833.wav,1134
01834.wav,
01835.wav,4
01836.wav,342479
01837.wav,333
01838.wav,33925-80
01839.wav,-0
01840.wav,70
01841.wav,63-16-314
01842.wav,21
01843.wav,58
01844.wav,35-6234-6
01845.wav,4008
01846.wav,600
01847.wav,71
01848.wav,7648
01849.wav,47-7
01850.wav,8869905-0
01851.wav,00
01852.wav,25-9123
01853.wav,50618284-86286
01854.wav,3154-23236
01855.wav,37-0
01856.wav,876
01857.wav,771
01858.wav,66
01859.wav,6164-670141
01860.wav,48
01861.wav,9383509-23-15-3605
01862.wav,0
01863.wav,555543
01864.wav,55-31053
01865.wav,3-4
01866.wav,0072-99
01867.wav,
01868.wav,11-70
01869.wav,34102
01870.wav,79-15-86
01871.wav,03-32
01872.wav,43-3
01873.wav,92034
01874.wav,0101
01875.wav,409-5
01876.wav,80-2
01877.wav,58
01878.wav,64-4
01879.wav,477-168
01880.wav,49-08-
01881.wav,3
01882.wav,7809-28-71
01883.wav,415-
01884.wav,6622310
01885.wav,105
01886.wav,438
01887.wav,2853-0
01888.wav,8948696-69-6
01889.wav,051
01890.wav,
01891.wav,5161
01892.wav,9
01893.wav,63-638825715
01894.wav,712
01895.wav,7710
01896.wav,59----4
01897.wav,3635-81482
01898.wav,139
01899.wav,0
01900.wav,284-262567
01901.wav,26-0
01902.wav,59419
01903.wav,
01904.wav,50
01905.wav,73-27
01906.wav,7610
01907.wav,907
01908.wav,5
01909.wav,77-578
01910.wav,02-3
01911.wav,8-6
01912.wav,25354-1
01913.wav,9305-389-49
01914.wav,7
01915.wav,0
01916.wav,-43
01917.wav,523
01918.wav,
01919.wav,62
01920.wav,94-6892010
01921.wav,140
01922.wav,111
01923.wav,8384
01924.wav,131-9
01925.wav,8858
01926.wav,4
01927.wav,72-962-30
01928.wav,676
01929.wav,658
01930.wav,32681398
01931.wav,5748
01932.wav,5552
01933.wav,0
01934.wav,16
01935.wav,68-81
01936.wav,449-737755
01937.wav,00
01938.wav,951
01939.wav,41
01940.wav,486
01941.wav,021684488
01942.wav,545-4
01943.wav,0777036500
01944.wav,473174
01945.wav,4506-9
01946.wav,00
01947.wav,1
01948.wav,37-24
01949.wav,98-68
01950.wav,67
01951.wav,7485-7
01952.wav,3076
01953.wav,01
01954.wav,997
01955.wav,55056
01956.wav,52
01957.wav,6
01958.wav,1251905-91
01959.wav,850-953-77
01960.wav,75-95
01961.wav,79
01962.wav,41
01963.wav,71-423
01964.wav,5-4--9
01965.wav,9796
01966.wav,03419
01967.wav,34
01968.wav,15110
01969.wav,132
01970.wav,10-48149780-7377
01971.wav,24
01972.wav,567
01973.wav,4872-29
01974.wav,06
01975.wav,62-8
01976.wav,4207
01977.wav,9680
01978.wav,622
01979.wav,39
01980.wav,42
01981.wav,486
01982.wav,3581637438
01983.wav,0
01984.wav,37625
01985.wav,46-6
01986.wav,7943
01987.wav,38197-088
01988.wav,00
01989.wav,663
01990.wav,2753047-52
01991.wav,5601-710
01992.wav,555550
01993.wav,628-9
01994.wav,7-554369
01995.wav,874-4
01996.wav,493651442
01997.wav,868
01998.wav,76-033
01999.wav,0
02000.wav,
02001.wav,7050
02002.wav,96-017-51
02003.wav,90378-36
02004.wav,19
02005.wav,0
02006.wav,08
02007.wav,430-075
02008.wav,19119
02009.wav,358
02010.wav,2729141250
02011.wav,469-069532
02012.wav,550234
02013.wav,609
02014.wav,00
02015.wav,
02016.wav,4
02017.wav,304296
02018.wav,1903-450
02019.wav,0344-48-8403459
02020.wav,475389
02021.wav,471160
02022.wav,55-3
02023.wav,9528
02024.wav,31
02025.wav,0210
02026.wav,56386-92-86
02027.wav,8751675-56
02028.wav,7341620
02029.wav,1449
02030.wav,0
02031.wav,44227
02032.wav,5600
02033.wav,
02034.wav,103
02035.wav,9401-75
02036.wav,62
02037.wav,07
02038.wav,909
02039.wav,440-87
02040.wav,9130
02041.wav,0
02042.wav,135-2
02043.wav,3876-93
02044.wav,905
02045.wav,678-38
02046.wav,055
02047.wav,12-2
02048.wav,101-46-3
02049.wav,0
02050.wav,513924
02051.wav,19
02052.wav,89
02053.wav,00853
02054.wav,63-68
02055.wav,53-0
02056.wav,09766-3141
02057.wav,10
02058.wav,156
02059.wav,512
02060.wav,7054
02061.wav,21-41184733
02062.wav,01
02063.wav,096962-552
02064.wav,30-3
02065.wav,010
02066.wav,36-56942
02067.wav,90-6
02068.wav,97-50-812
02069.wav,9--
02070.wav,0
02071.wav,714-2218-99
02072.wav,8909741
02073.wav,25232-8
02074.wav,20-0
02075.wav,811969-25235
02076.wav,64442494
02077.wav,03871
02078.wav,0093
02079.wav,53734820-259832
02080.wav,68-12
02081.wav,326
02082.wav,9-0773-3
02083.wav,27759435980
02084.wav,472-384
02085.wav,89-14-6889
02086.wav,1
02087.wav,51-353
02088.wav,34-1
02089.wav,3
02090.wav,4334326
02091.wav,697-468496
02092.wav,2177-1
02093.wav,488--79723
02094.wav,5
02095.wav,838
02096.wav,994
02097.wav,051
02098.wav,9-34
02099.wav,4-
02100.wav,01700315170
02101.wav,904-5
02102.wav,90-63-721
02103.wav,60
02104.wav,108-154-10
02105.wav,5877287-34-94
02106.wav,75530
02107.wav,00
02108.wav,0
02109.wav,33
02110.wav,67
02111.wav,97677
02112.wav,06783
02113.wav,264825
02114.wav,7614-9
02115.wav,8
02116.wav,3
02117.wav,7380
02118.wav,5587-606
02119.wav,83
02120.wav,493-89
02121.wav,68978
02122.wav,54
02123.wav,11465-97
02124.wav,10
02125.wav,74
02126.wav,69
02127.wav,32
02128.wav,36463-72872-54781
02129.wav,271915
02130.wav,0413-3
02131.wav,6534498
02132.wav,--
02133.wav,5648607203
02134.wav,57
02135.wav,744
02136.wav,0
02137.wav,
02138.wav,092
02139.wav,61-9577
02140.wav,9962300
02141.wav,75-966-266
02142.wav,01662-792797955771
02143.wav,3966420-542-7
02144.wav,1604-9
02145.wav,56591
02146.wav,3
02147.wav,0
02148.wav,4392-0231
02149.wav,013512-826701
02150.wav,96
02151.wav,193989
02152.wav,00
02153.wav,03
02154.wav,14-76-37007
02155.wav,963870
02156.wav,0
02157.wav,63591
02158.wav,
02159.wav,426
02160.wav,0-35
02161.wav,71
02162.wav,2-669613823-04
02163.wav,8001661
02164.wav,381---00
02165.wav,201000
02166.wav,08-5143587
02167.wav,681
02168.wav,4
02169.wav,8
02170.wav,8585-27
02171.wav,677-67-8784
02172.wav,905
02173.wav,77623-5
02174.wav,0
02175.wav,16-393675272
02176.wav,9
02177.wav,32
02178.wav,56-9
02179.wav,1000-26
02180.wav,64-00
02181.wav,42238-05-39699
02182.wav,91
02183.wav,989
02184.wav,7188
02185.wav,00
02186.wav,
02187.wav,3
02188.wav,68282
02189.wav,65914-730
02190.wav,66-18
02191.wav,0158
02192.wav,33
02193.wav,695
02194.wav,8
02195.wav,29
02196.wav,64
02197.wav,622
02198.wav,
02199.wav,6138688-0
02200.wav,495948172-3
02201.wav,3
02202.wav,40-902-37-080-6
02203.wav,00
02204.wav,3
02205.wav,170
02206.wav,7108-013
02207.wav,502-9
02208.wav,562
02209.wav,49-5
02210.wav,76446
02211.wav,7146-89
02212.wav,25-946
02213.wav,0
02214.wav,72-98
02215.wav,45
02216.wav,391
02217.wav,277-11
02218.wav,48920
02219.wav,19137-1-7
02220.wav,45577-774
02221.wav,44
02222.wav,84-12
02223.wav,0670
02224.wav,8562
02225.wav,06
02226.wav,977-8436
02227.wav,620
02228.wav,41
02229.wav,69-41
02230.wav,3810
02231.wav,594-8
02232.wav,9341-3947
02233.wav,50-0
02234.wav,73085-9
02235.wav,26650066
02236.wav,297
02237.wav,052
02238.wav,8
02239.wav,49532
02240.wav,637-14
02241.wav,03
02242.wav,2708681
02243.wav,414502-6
02244.wav,57-983-501-554-79
02245.wav,51
02246.wav,70
02247.wav,000
02248.wav,092700
02249.wav,00
02250.wav,881182
02251.wav,01
02252.wav,172
02253.wav,442849
02254.wav,8-5
02255.wav,22979864
02256.wav,17-10
02257.wav,817869
02258.wav,9295-653
02259.wav,481156-29
02260.wav,5995-47-970
02261.wav,09
02262.wav,3188361
02263.wav,404
02264.wav,852-38-76345668088
02265.wav,92
02266.wav,281769041
02267.wav,2
02268.wav,883
02269.wav,91066
02270.wav,00654
02271.wav,409
02272.wav,0323
02273.wav,38611-49
02274.wav,6-4
02275.wav,2860-9
02276.wav,71
02277.wav,3970
02278.wav,10
02279.wav,97
02280.wav,12-3
02281.wav,0726
02282.wav,9316-23-10
02283.wav,26942-5
02284.wav,597
02285.wav,1384116852
02286.wav,28
02287.wav,02
02288.wav,79
02289.wav,79078
02290.wav,16-3920
02291.wav,
02292.wav,44-392-55790-6
02293.wav,4190-7945
02294.wav,806
02295.wav,075-0
02296.wav,87166
02297.wav,00
02298.wav,3754-6
02299.wav,07-246
02300.wav,0
02301.wav,78715903
02302.wav,09365688-97
02303.wav,572
02304.wav,4004-7
02305.wav,19473
02306.wav,0655
02307.wav,503633150-6659-29-0
02308.wav,41
02309.wav,114
02310.wav,27-053
02311.wav,42208-0
02312.wav,78-1
02313.wav,5
02314.wav,7113
02315.wav,053
02316.wav,43-6
02317.wav,2821-34
02318.wav,93-258997
02319.wav,3258-9804-37-576
02320.wav,196
02321.wav,53-04-01
02322.wav,97-37-785
02323.wav,30-87-2106
02324.wav,6
02325.wav,55-8755-0248
02326.wav,49-64-81
02327.wav,311
02328.wav,1497156621
02329.wav,1910
02330.wav,60
02331.wav,29
02332.wav,347--
02333.wav,763-4261298880-2
02334.wav,88-855-62
02335.wav,38233
02336.wav,194
02337.wav,366-772
02338.wav,84
02339.wav,-
02340.wav,9023913
02341.wav,10
02342.wav,4249785
02343.wav,3166771
02344.wav,59-227
02345.wav,73306264
02346.wav,128451-4
02347.wav,129
02348.wav,13-24
02349.wav,7
02350.wav,0672903
02351.wav,74-54553
02352.wav,82
02353.wav,06334
02354.wav,1829-38439
02355.wav,83-8897490
02356.wav,190-993-4
02357.wav,58676
02358.wav,5795
02359.wav,14640-0331
02360.wav,54
02361.wav,4617-514
02362.wav,0
02363.wav,16
02364.wav,
02365.wav,282
02366.wav,990
02367.wav,602
02368.wav,067
02369.wav,390
02370.wav,2385
02371.wav,79809-044-829
02372.wav,0
02373.wav,673529946
02374.wav,732
02375.wav,5923
02376.wav,26-8
02377.wav,5899
02378.wav,7653-47307-84
02379.wav,011
02380.wav,34
02381.wav,90-31280-946
02382.wav,536
02383.wav,2
02384.wav,
02385.wav,610
02386.wav,114-878-35
02387.wav,35104
02388.wav,39820
02389.wav,46718-72823
02390.wav,9511256
02391.wav,0701
02392.wav,30-3
02393.wav,73
02394.wav,74-62-30-79
02395.wav,6527
02396.wav,5512
02397.wav,777
02398.wav,55-6
02399.wav,59-22
02400.wav,6
02401.wav,16411
02402.wav,878
02403.wav,50304
02404.wav,255
02405.wav,60-525
02406.wav,33
02407.wav,87-72
02408.wav,602
02409.wav,5789560
02410.wav,9298
02411.wav,75262-197696964
02412.wav,50
02413.wav,524
02414.wav,7719
02415.wav,34
02416.wav,
02417.wav,808
02418.wav,466-201
02419.wav,5843
02420.wav,7697
02421.wav,97-85
02422.wav,878
02423.wav,899
02424.wav,80364
02425.wav,47
02426.wav,02662
02427.wav,237-0
02428.wav,100
02429.wav,8453-7
02430.wav,9
02431.wav,0
02432.wav,36
02433.wav,2383
02434.wav,4078080945-20
02435.wav,1
02436.wav,0
02437.wav,6796-4
02438.wav,220
02439.wav,3-7
02440.wav,504
02441.wav,87
02442.wav,1119
02443.wav,9044
02444.wav,73
02445.wav,837528
02446.wav,671
02447.wav,957
02448.wav,87--2
02449.wav,7
02450.wav,059
02451.wav,67229-57270
02452.wav,857995
02453.wav,69530
02454.wav,1555-
02455.wav,0510416
02456.wav,27
02457.wav,31152
02458.wav,892-15
02459.wav,452-719
02460.wav,7808501
02461.wav,55640-941611452-6
02462.wav,5450655
02463.wav,
02464.wav,2
02465.wav,16495-3
02466.wav,175
02467.wav,0
02468.wav,1
02469.wav,43
02470.wav,119-5
02471.wav,053
02472.wav,125-2292270
02473.wav,0
02474.wav,553-641
02475.wav,4124
02476.wav,61061-478
02477.wav,0644
02478.wav,4
02479.wav,684-1
02480.wav,99
02481.wav,02
02482.wav,504-8502183
02483.wav,526-3
02484.wav,16
02485.wav,41
02486.wav,1584-4-7
02487.wav,53664677236608
02488.wav,1-4
02489.wav,11-31-6
02490.wav,817-93
02491.wav,95532-6
02492.wav,727558-46-1
02493.wav,180
02494.wav,38
02495.wav,36
02496.wav,1520
02497.wav,03
02498.wav,527340
02499.wav,350-5
02500.wav,624
02501.wav,6
02502.wav,55
02503.wav,69-520
02504.wav,011
02505.wav,0
02506.wav,360767
02507.wav,00
02508.wav,0
02509.wav,33-19
02510.wav,30-86
02511.wav,3
02512.wav,77-0
02513.wav,230
02514.wav,57
02515.wav,55450
02516.wav,38-948
02517.wav,367-5564
02518.wav,76923
02519.wav,209
02520.wav,0
02521.wav,28233
02522.wav,28579-669-080
02523.wav,1
02524.wav,35-610
02525.wav,197
02526.wav,
02527.wav,4
02528.wav,3814-983
02529.wav,74276-251
02530.wav,52212
02531.wav,11-4
02532.wav,036
02533.wav,95-467-14
02534.wav,3684-105-2
02535.wav,651
02536.wav,711
02537.wav,321
02538.wav,725
02539.wav,59505
02540.wav,63-19384
02541.wav,0
02542.wav,116
02543.wav,922907
02544.wav,7001238
02545.wav,90
02546.wav,055631-19-507-906-2
02547.wav,667-81
02548.wav,7781-265
02549.wav,65-62-608
02550.wav,5506060-3
02551.wav,5032-27-9
02552.wav,0970
02553.wav,36-2
02554.wav,77795-69395-09913
02555.wav,22
02556.wav,237
02557.wav,271
02558.wav,106-212
02559.wav,38
02560.wav,879587
02561.wav,76
02562.wav,0
02563.wav,1464
02564.wav,85
02565.wav,
02566.wav,713
02567.wav,47-6954
02568.wav,393
02569.wav,157
02570.wav,570
02571.wav,85553
02572.wav,5280
02573.wav,0
02574.wav,95
02575.wav,2
02576.wav,40675
02577.wav,1
02578.wav,0
02579.wav,937181081
02580.wav,962432-918
02581.wav,507405-88-198
02582.wav,532
02583.wav,169
02584.wav,861
02585.wav,18
02586.wav,840
02587.wav,9377
02588.wav,65
02589.wav,32
02590.wav,61
02591.wav,86-95
02592.wav,
02593.wav,06044-8579
02594.wav,86-7779-1
02595.wav,27318539
02596.wav,93-18
02597.wav,30
02598.wav,78
02599.wav,5584
02600.wav,302
02601.wav,05
02602.wav,692196-44
02603.wav,9712
02604.wav,209
02605.wav,1130
02606.wav,17-17
02607.wav,77
02608.wav,3884-5
02609.wav,65-1
02610.wav,82
02611.wav,1516
02612.wav,698
02613.wav,1490-9578-5678-98
02614.wav,17-817-4
02615.wav,14
02616.wav,087
02617.wav,57261
02618.wav,6787-113
02619.wav,951
02620.wav,8323
02621.wav,75-30-
02622.wav,6242
02623.wav,37
02624.wav,99-55
02625.wav,08-31
02626.wav,7654303757
02627.wav,21261203
02628.wav,5176
02629.wav,38479-7
02630.wav,0366271823-47-586-8
02631.wav,0551
02632.wav,826-619-22-5
02633.wav,323
02634.wav,055
02635.wav,910-42-74
02636.wav,52
02637.wav,14415718
02638.wav,3084-9214800
02639.wav,3247
02640.wav,509
02641.wav,
02642.wav,
02643.wav,175-5
02644.wav,8686-75-0
02645.wav,13
02646.wav,0100
02647.wav,04361-5
02648.wav,289-917-52390-33
02649.wav,9--22
02650.wav,
02651.wav,0834078380
02652.wav,04
02653.wav,0134
02654.wav,223-9
02655.wav,44289
02656.wav,0
02657.wav,
02658.wav,93-266493
02659.wav,782269
02660.wav,02752349013
02661.wav,52
02662.wav,03-43
02663.wav,0948570
02664.wav,4781664
02665.wav,23
02666.wav,
02667.wav,59416025
02668.wav,42
02669.wav,0
02670.wav,166-4
02671.wav,5630
02672.wav,33
02673.wav,
02674.wav,66836
02675.wav,-
02676.wav,026
02677.wav,7582
02678.wav,9249-462
02679.wav,9748900
02680.wav,405---
02681.wav,48-60
02682.wav,26
02683.wav,741-9
02684.wav,82-2
02685.wav,0041551
02686.wav,58865
02687.wav,55
02688.wav,7
02689.wav,01700
02690.wav,449
02691.wav,2
02692.wav,9
02693.wav,39
02694.wav,4288-167
02695.wav,621-2
02696.wav,92
02697.wav,0
02698.wav,49904
02699.wav,5705716-8503
02700.wav,28242
02701.wav,2493-6177908
02702.wav,919
02703.wav,19-58
02704.wav,290
02705.wav,962502
02706.wav,46-6432
02707.wav,4
02708.wav,256-20696
02709.wav,0
02710.wav,60
02711.wav,55
02712.wav,678
02713.wav,93
02714.wav,599
02715.wav,006779
02716.wav,76
02717.wav,56-0051
02718.wav,309
02719.wav,60
02720.wav,19429
02721.wav,2293821
02722.wav,461688387052-06-2
02723.wav,7
02724.wav,0883
02725.wav,0
02726.wav,043-28
02727.wav,
02728.wav,16
02729.wav,2038755
02730.wav,01-788
02731.wav,0597
02732.wav,93
02733.wav,620
02734.wav,532
02735.wav,2
02736.wav,978
02737.wav,0567
02738.wav,17-81
02739.wav,00
02740.wav,553
02741.wav,66
02742.wav,32-6035-24
02743.wav,5232
02744.wav,0
02745.wav,0923-7
02746.wav,33
02747.wav,5831
02748.wav,47
02749.wav,71-2969
02750.wav,66644
02751.wav,151-4
02752.wav,46745
02753.wav,5275-701
02754.wav,6453-6-13
02755.wav,805-6
02756.wav,9050559
02757.wav,71-25047
02758.wav,614-655877
02759.wav,642-5381503
02760.wav,35--7-55
02761.wav,236-5688067-01
02762.wav,777341
02763.wav,597-7964867
02764.wav,59
02765.wav,94
02766.wav,60479838
02767.wav,654
02768.wav,69
02769.wav,32623-08014-181
02770.wav,107117
02771.wav,6555
02772.wav,6
02773.wav,5272675-443-48-66
02774.wav,620
02775.wav,280
02776.wav,827478-27406
02777.wav,712-8
02778.wav,50-
02779.wav,268771657
02780.wav,216417
02781.wav,4955
02782.wav,2448
02783.wav,3207-5
02784.wav,00-09
02785.wav,7080
02786.wav,05398
02787.wav,673685
02788.wav,993
02789.wav,04-649
02790.wav,048
02791.wav,176
02792.wav,1
02793.wav,052-18
02794.wav,9
02795.wav,51-63088-53
02796.wav,02112719
02797.wav,5
02798.wav,40-367-99-167-315
02799.wav,429
02800.wav,64123-3823
02801.wav,9
02802.wav,0
02803.wav,05405
02804.wav,520
02805.wav,845-7299
02806.wav,90
02807.wav,595-45-36
02808.wav,1535
02809.wav,618
02810.wav,28334
02811.wav,93033
02812.wav,1711
02813.wav,
02814.wav,5553
02815.wav,15180
02816.wav,453-9
02817.wav,01
02818.wav,5068
02819.wav,76100-163
02820.wav,0
02821.wav,54-68
02822.wav,1772
02823.wav,8673
02824.wav,0
02825.wav,04
02826.wav,41
02827.wav,5919-51
02828.wav,43760
02829.wav,361
02830.wav,5212
02831.wav,70-40330701
02832.wav,15478
02833.wav,29
02834.wav,91
02835.wav,98114870
02836.wav,01829
02837.wav,15-465
02838.wav,7841
02839.wav,08-1
02840.wav,37
02841.wav,42280
02842.wav,20
02843.wav,0900
02844.wav,44
02845.wav,09-824-4185557-354
02846.wav,5237884-374
02847.wav,71
02848.wav,6363
02849.wav,00-6
02850.wav,9
02851.wav,400
02852.wav,304
02853.wav,3339-08
02854.wav,27
02855.wav,0
02856.wav,617
02857.wav,9
02858.wav,2
02859.wav,9
02860.wav,846112947
02861.wav,262-9413
02862.wav,15421
02863.wav,75
02864.wav,941
02865.wav,2
02866.wav,67348
02867.wav,78
02868.wav,04
02869.wav,59
02870.wav,78-003532
02871.wav,0
02872.wav,110
02873.wav,5315
02874.wav,5
02875.wav,6503
02876.wav,672-7704-
02877.wav,9841-3317219
02878.wav,76
02879.wav,041-860692
02880.wav,27
02881.wav,84282683
02882.wav,5696-41
02883.wav,0
02884.wav,67
02885.wav,50-
02886.wav,810
02887.wav,04540-37
02888.wav,3241158-4
02889.wav,53-278
02890.wav,57-
02891.wav,198-2
02892.wav,62-58
02893.wav,890471-628
02894.wav,0
02895.wav,739901
02896.wav,29346
02897.wav,097-63
02898.wav,36-0
02899.wav,219-1
02900.wav,0140
02901.wav,01-04-44
02902.wav,8-36-8154
02903.wav,6
02904.wav,442
02905.wav,42-9
02906.wav,5
02907.wav,0
02908.wav,81-1184771
02909.wav,0
02910.wav,0
02911.wav,31
02912.wav,78745287685869-612
02913.wav,79-252
02914.wav,538
02915.wav,7
02916.wav,16
02917.wav,256
02918.wav,
02919.wav,31777047
02920.wav,0
02921.wav,599-0012
02922.wav,612508-40-030
02923.wav,94-9748-61
02924.wav,79-1
02925.wav,88-0
02926.wav,65-3
02927.wav,814051
02928.wav,0
02929.wav,951-663
02930.wav,5100
02931.wav,1555105
02932.wav,370-71379
02933.wav,93-1452
02934.wav,5952
02935.wav,9671
02936.wav,573-8
02937.wav,88211
02938.wav,67
02939.wav,11
02940.wav,864-43
02941.wav,69277-1
02942.wav,2
02943.wav,1704-6906-7291-760
02944.wav,0
02945.wav,775-314
02946.wav,040022
02947.wav,961743-55
02948.wav,1
02949.wav,52654-92
02950.wav,51679
02951.wav,41
02952.wav,
02953.wav,874496411-2
02954.wav,7
02955.wav,0
02956.wav,3
02957.wav,8-2-
02958.wav,575921952
02959.wav,7444
02960.wav,298
02961.wav,9081
02962.wav,38073-193-55-1795
02963.wav,0
02964.wav,63
02965.wav,7237495
02966.wav,0
02967.wav,9
02968.wav,2
02969.wav,1
02970.wav,1
02971.wav,931-70322
02972.wav,00385-3986507
02973.wav,4
02974.wav,
02975.wav,34
02976.wav,1
02977.wav,0
02978.wav,75-64872
02979.wav,
02980.wav,00
02981.wav,22
02982.wav,205
02983.wav,75-27
02984.wav,557
02985.wav,0389416
02986.wav,40-97
02987.wav,39555320
02988.wav,586-744
02989.wav,03
02990.wav,189
02991.wav,151
02992.wav,81292-0
02993.wav,29-0
02994.wav,00
02995.wav,0487-698
02996.wav,17-94-254294486
02997.wav,4420-44
02998.wav,682
02999.wav,50-0
03000.wav,69999277
03001.wav,440
03002.wav,469744
03003.wav,59-173
03004.wav,488-029
03005.wav,5404260
03006.wav,04636-85685
03007.wav,358
03008.wav,0321
03009.wav,764
03010.wav,25
03011.wav,0800
03012.wav,584452
03013.wav,57
03014.wav,588
03015.wav,3122-4491
03016.wav,716-35-318
03017.wav,630
03018.wav,127
03019.wav,38-2570559
03020.wav,512
03021.wav,41-73308
03022.wav,660-1672-7
03023.wav,7584-2
03024.wav,101
03025.wav,8855
03026.wav,29817
03027.wav,3195
03028.wav,231495
03029.wav,875-84
03030.wav,63
03031.wav,741
03032.wav,81-984
03033.wav,531543-18
03034.wav,4634
03035.wav,990
03036.wav,55836784
03037.wav,34
03038.wav,30
03039.wav,74125
03040.wav,32
03041.wav,13
03042.wav,31-44
03043.wav,59-6
03044.wav,02
03045.wav,8
03046.wav,71-87-2113-878
03047.wav,1830
03048.wav,98
03049.wav,405
03050.wav,187093-50600656
03051.wav,93
03052.wav,00
03053.wav,2774-00
03054.wav,470
03055.wav,705
03056.wav,0645-255-51
03057.wav,5434
03058.wav,095484
03059.wav,848
03060.wav,1
03061.wav,12
03062.wav,00
03063.wav,78
03064.wav,6
03065.wav,9--04
03066.wav,769
03067.wav,41193-131
03068.wav,5
03069.wav,00
03070.wav,37
03071.wav,45776
03072.wav,3048
03073.wav,9
03074.wav,135
03075.wav,40
03076.wav,40640
03077.wav,0401
03078.wav,203
03079.wav,108646004
03080.wav,5483-03186
03081.wav,19
03082.wav,987889
03083.wav,01
03084.wav,00
03085.wav,
03086.wav,60969
03087.wav,2339
03088.wav,677615
03089.wav,696-0726406
03090.wav,84176
03091.wav,951-13
03092.wav,8536
03093.wav,01
03094.wav,01
03095.wav,02
03096.wav,
03097.wav,
03098.wav,708-8
03099.wav,0935
03100.wav,65
03101.wav,595-92
03102.wav,
03103.wav,42
03104.wav,041
03105.wav,160074
03106.wav,68
03107.wav,328
03108.wav,478611
03109.wav,038
03110.wav,19-3
03111.wav,691-30335
03112.wav,4437-773-64
03113.wav,82554
03114.wav,
03115.wav,763967
03116.wav,13
03117.wav,610
03118.wav,00
03119.wav,57978-9
03120.wav,34
03121.wav,63072
03122.wav,1
03123.wav,1955
03124.wav,32
03125.wav,4396
03126.wav,631-45-2271
03127.wav,555-061
03128.wav,46-9870
03129.wav,614
03130.wav,0
03131.wav,02
03132.wav,5858
03133.wav,2
03134.wav,3
03135.wav,02
03136.wav,769567368-24
03137.wav,0
03138.wav,014-505282
03139.wav,1445-9
03140.wav,63-99
03141.wav,228239
03142.wav,80
03143.wav,73
03144.wav,5782-7
03145.wav,93
03146.wav,49-2850
03147.wav,404
03148.wav,638
03149.wav,143-16
03150.wav,40
03151.wav,71-4
03152.wav,50
03153.wav,309564
03154.wav,76
03155.wav,238386
03156.wav,42-926-61
03157.wav,18
03158.wav,04
03159.wav,0101839-4
03160.wav,78-103
03161.wav,02
03162.wav,01
03163.wav,4699-332653
03164.wav,9820661
03165.wav,1078012
03166.wav,9068
03167.wav,0500-9
03168.wav,5-0
03169.wav,90
03170.wav,555289
03171.wav,79891
03172.wav,6589
03173.wav,3
03174.wav,64
03175.wav,83
03176.wav,6
03177.wav,112-84
03178.wav,771-125
03179.wav,346585
03180.wav,55-
03181.wav,6
03182.wav,6
03183.wav,056-6
03184.wav,6102
03185.wav,58976-85692
03186.wav,47-70
03187.wav,53-74
03188.wav,667-700
03189.wav,721650407162
03190.wav,474-7
03191.wav,13
03192.wav,850
03193.wav,344289-4
03194.wav,050-6-
03195.wav,150-8012-0
03196.wav,8777
03197.wav,8
03198.wav,0
03199.wav,9455000825
03200.wav,72-4487
03201.wav,8425-160
03202.wav,179454-84-02-950118
03203.wav,07816
03204.wav,753
03205.wav,0010149
03206.wav,7451
03207.wav,779
03208.wav,78893040
03209.wav,04474915-7061-422-24
03210.wav,29-35
03211.wav,918-745-1238
03212.wav,15-85
03213.wav,22
03214.wav,880070-6
03215.wav,381
03216.wav,733-929
03217.wav,8849388
03218.wav,2-7
03219.wav,17
03220.wav,25-84
03221.wav,6
03222.wav,04-2
03223.wav,24-459
03224.wav,202068
03225.wav,75-3822-71
03226.wav,18593
03227.wav,7712-99
03228.wav,599
03229.wav,05-59
03230.wav,314
03231.wav,9012333-23-40-8
03232.wav,36
03233.wav,395-9
03234.wav,5867--
03235.wav,48
03236.wav,80
03237.wav,31-72-6906
03238.wav,01
03239.wav,72-32752-620-49354
03240.wav,1883275-1
03241.wav,39778346
03242.wav,010
03243.wav,72-186-4459
03244.wav,36-4
03245.wav,1
03246.wav,437-5997
03247.wav,3782-762
03248.wav,11-1
03249.wav,41426-14
03250.wav,505
03251.wav,3614
03252.wav,130-90
03253.wav,72
03254.wav,7885-5565-7796747
03255.wav,18-40-127
03256.wav,59-7
03257.wav,420
03258.wav,71
03259.wav,0
03260.wav,92
03261.wav,35
03262.wav,6
03263.wav,0
03264.wav,791-60
03265.wav,29199
03266.wav,002
03267.wav,1871012-5
03268.wav,
03269.wav,696-7
03270.wav,0431
03271.wav,25767
03272.wav,0
03273.wav,02
03274.wav,58-0
03275.wav,162-4
03276.wav,31460
03277.wav,360792-9479
03278.wav,22
03279.wav,877
03280.wav,52-1594-044
03281.wav,988929-71-69546-58
03282.wav,0400862
03283.wav,205
03284.wav,77-83215
03285.wav,4040
03286.wav,005035662
03287.wav,00
03288.wav,91-7
03289.wav,3218685
03290.wav,3155-8
03291.wav,5942-6
03292.wav,0
03293.wav,7
03294.wav,58-357
03295.wav,6
03296.wav,546
03297.wav,74
03298.wav,1018
03299.wav,2359
03300.wav,58-36663
03301.wav,078592
03302.wav,81194
03303.wav,9145293
03304.wav,19
03305.wav,501972-
03306.wav,1
03307.wav,443
03308.wav,60
03309.wav,604-5570
03310.wav,75288-917
03311.wav,00-664
03312.wav,0
03313.wav,
03314.wav,5
03315.wav,75-62
03316.wav,20584
03317.wav,603
03318.wav,15-375
03319.wav,928-828
03320.wav,87-4
03321.wav,66
03322.wav,71301
03323.wav,2056
03324.wav,55
03325.wav,37053
03326.wav,94
03327.wav,93
03328.wav,9319464-38-0
03329.wav,92
03330.wav,20-05
03331.wav,64733
03332.wav,1
03333.wav,65948
03334.wav,0
03335.wav,92
03336.wav,49-31
03337.wav,228
03338.wav,5
03339.wav,68-03
03340.wav,064
03341.wav,253
03342.wav,51089-0
03343.wav,314
03344.wav,0592
03345.wav,004
03346.wav,23
03347.wav,15-02
03348.wav,946
03349.wav,8
03350.wav,51-0739
03351.wav,94
03352.wav,50-580
03353.wav,22
03354.wav,423431-769
03355.wav,
03356.wav,28-45
03357.wav,1919425-871220
03358.wav,0565-57
03359.wav,055
03360.wav,0865-798
03361.wav,87-00454
03362.wav,2565
03363.wav,2
03364.wav,570
03365.wav,39-3
03366.wav,14-2
03367.wav,85
03368.wav,60
03369.wav,02-2860
03370.wav,09
03371.wav,48
03372.wav,4053-439844-82
03373.wav,259785
03374.wav,523-94099
03375.wav,270-0927-82687
03376.wav,001
03377.wav,3
03378.wav,506
03379.wav,680
03380.wav,0
03381.wav,9
03382.wav,01260-009
03383.wav,55865-32
03384.wav,482116
03385.wav,377
03386.wav,04-29
03387.wav,713435
03388.wav,84-347-9289
03389.wav,10-573-7271-37
03390.wav,31
03391.wav,10
03392.wav,12
03393.wav,71
03394.wav,790
03395.wav,775-5193
03396.wav,0
03397.wav,08001
03398.wav,76515
03399.wav,6
03400.wav,69
03401.wav,0
03402.wav,557648
03403.wav,0
03404.wav,45
03405.wav,957
03406.wav,6
03407.wav,800530730
03408.wav,764-872-4
03409.wav,01-6172
03410.wav,0013
03411.wav,7882834
03412.wav,556-684615
03413.wav,24-3648
03414.wav,1808-3
03415.wav,3-0-
03416.wav,71132-48
03417.wav,45952
03418.wav,0
03419.wav,2
03420.wav,77
03421.wav,58065-2440
03422.wav,055-16
03423.wav,
03424.wav,0-3
03425.wav,962241
03426.wav,5313
03427.wav,057
03428.wav,3422315-626
03429.wav,119312-47
03430.wav,279
03431.wav,3699-857
03432.wav,08
03433.wav,
03434.wav,92
03435.wav,10
03436.wav,09-33-8
03437.wav,0
03438.wav,875
03439.wav,59
03440.wav,88
03441.wav,067704
03442.wav,34-62
03443.wav,5758
03444.wav,12-6861-8929
03445.wav,675-44
03446.wav,4
03447.wav,025
03448.wav,77-073-09
03449.wav,929-61-9
03450.wav,5-4
03451.wav,560970508-76
03452.wav,81-6
03453.wav,0
03454.wav,765-40
03455.wav,9
03456.wav,261
03457.wav,27-5
03458.wav,
03459.wav,52
03460.wav,197
03461.wav,88-8030
03462.wav,0795
03463.wav,261-3
03464.wav,13
03465.wav,71-90
03466.wav,539-5110-055
03467.wav,84-54-1
03468.wav,93
03469.wav,365373
03470.wav,5
03471.wav,0
03472.wav,76-079
03473.wav,0
03474.wav,419428
03475.wav,51
03476.wav,643071
03477.wav,
03478.wav,42263-6250-19060-94
03479.wav,970
03480.wav,51-659
03481.wav,77324-85045-1
03482.wav,3097
03483.wav,10
03484.wav,14
03485.wav,5
03486.wav,88-843-34
03487.wav,1
03488.wav,966
03489.wav,
03490.wav,0
03491.wav,99254
03492.wav,0060
03493.wav,8121
03494.wav,696-83-73-90345
03495.wav,209259926-3619
03496.wav,590
03497.wav,22
03498.wav,264-54
03499.wav,
03500.wav,0798
03501.wav,83
03502.wav,1550
03503.wav,49-68216
03504.wav,94
03505.wav,086-
03506.wav,0978-1
03507.wav,500106-88
03508.wav,28
03509.wav,67-40-5
03510.wav,96175-256-3
03511.wav,
03512.wav,00-7
03513.wav,50
03514.wav,8041
03515.wav,9130-9
03516.wav,51-4
03517.wav,2
03518.wav,83036540-9
03519.wav,37159-3485
03520.wav,12-593
03521.wav,851
03522.wav,07
03523.wav,07
03524.wav,1
03525.wav,04-07
03526.wav,2236452
03527.wav,3
03528.wav,62337
03529.wav,7
03530.wav,804-69
03531.wav,5951
03532.wav,7652
03533.wav,41-84
03534.wav,248-668459
03535.wav,6
03536.wav,50-95
03537.wav,773
03538.wav,972
03539.wav,64-06
03540.wav,96-13-
03541.wav,342-65
03542.wav,44
03543.wav,303
03544.wav,80082
03545.wav,639
03546.wav,23357127
03547.wav,
03548.wav,94-8
03549.wav,46
03550.wav,4509
03551.wav,5352
03552.wav,76
03553.wav,869-16562
03554.wav,790
03555.wav,30990-9049-8079
03556.wav,89-63
03557.wav,70019011
03558.wav,6876292769
03559.wav,3526
03560.wav,8309-7
03561.wav,00
03562.wav,4920-72
03563.wav,689166-48525
03564.wav,4260674
03565.wav,57209498-1
03566.wav,73-447-661
03567.wav,708
03568.wav,8189072
03569.wav,
03570.wav,9
03571.wav,732759
03572.wav,873
03573.wav,
03574.wav,1571
03575.wav,02-6
03576.wav,80
03577.wav,479605-348222
03578.wav,27
03579.wav,00
03580.wav,836-3496217-68
03581.wav,16854
03582.wav,
03583.wav,22-76-76-9
03584.wav,785-57
03585.wav,299852-5
03586.wav,34562-67
03587.wav,5103
03588.wav,59
03589.wav,102
03590.wav,43-432-5875-2
03591.wav,823705592059
03592.wav,30
03593.wav,814
03594.wav,7
03595.wav,66
03596.wav,922-15
03597.wav,03-59
03598.wav,20680
03599.wav,43287812
03600.wav,5610
03601.wav,04
03602.wav,5467
03603.wav,2638
03604.wav,17-
03605.wav,5017-6
03606.wav,5---02
03607.wav,
03608.wav,129-1566244943721
03609.wav,48-7
03610.wav,8069-116-0
03611.wav,213-12
03612.wav,259
03613.wav,1127244
03614.wav,47-07131
03615.wav,820
03616.wav,
03617.wav,493-014-9
03618.wav,2-82
03619.wav,5664281-377
03620.wav,18473
03621.wav,9035459-372
03622.wav,17
03623.wav,3
03624.wav,8601850
03625.wav,960
03626.wav,811-074-90
03627.wav,79851
03628.wav,35
03629.wav,778-8
03630.wav,978951
03631.wav,08-7
03632.wav,000
03633.wav,4-3
03634.wav,62-2
03635.wav,09
03636.wav,006
03637.wav,
03638.wav,0827683
03639.wav,70
03640.wav,69-376
03641.wav,6691-3
03642.wav,8
03643.wav,561949
03644.wav,59072
03645.wav,14-3
03646.wav,618762-50
03647.wav,537427
03648.wav,752204
03649.wav,692
03650.wav,38
03651.wav,258
03652.wav,31
03653.wav,9844-7-78
03654.wav,631-897740
03655.wav,40-91025
03656.wav,168-903624
03657.wav,2
03658.wav,19-49-600994-049-77
03659.wav,0
03660.wav,8753
03661.wav,324636
03662.wav,83-676-264-3146-65
03663.wav,0732
03664.wav,55-651
03665.wav,58
03666.wav,00
03667.wav,67
03668.wav,73318-142
03669.wav,2
03670.wav,77
03671.wav,42
03672.wav,02
03673.wav,7921
03674.wav,800476363
03675.wav,81
03676.wav,141-0
03677.wav,98-49464
03678.wav,89-8021-6
03679.wav,6034
03680.wav,175
03681.wav,02198
03682.wav,02
03683.wav,15-25-73
03684.wav,1683-5937
03685.wav,33-44
03686.wav,72165559-591-8
03687.wav,94
03688.wav,179
03689.wav,8-1447723
03690.wav,96
03691.wav,50-56
03692.wav,365-46-8
03693.wav,02-32-89730
03694.wav,3
03695.wav,55551
03696.wav,73103708
03697.wav,562929-079
03698.wav,80
03699.wav,7998-28906-170
03700.wav,71908
03701.wav,12
03702.wav,0
03703.wav,50-476277041
03704.wav,3758
03705.wav,
03706.wav,494
03707.wav,29-85102
03708.wav,699-439021
03709.wav,22
03710.wav,9916
03711.wav,150
03712.wav,9810
03713.wav,13889
03714.wav,15275
03715.wav,234
03716.wav,477
03717.wav,24331
03718.wav,1-72
03719.wav,74-09763-9
03720.wav,452
03721.wav,33315-69
03722.wav,750-3443
03723.wav,5
03724.wav,9694
03725.wav,09-3274
03726.wav,020
03727.wav,14-957
03728.wav,8--6996
03729.wav,256-654
03730.wav,78-0069
03731.wav,213
03732.wav,0
03733.wav,489-99
03734.wav,51
03735.wav,096-8
03736.wav,1
03737.wav,18-99-763
03738.wav,53
03739.wav,323-
03740.wav,86
03741.wav,410-6
03742.wav,57-032
03743.wav,6
03744.wav,49-2
03745.wav,3837609
03746.wav,1583-55
03747.wav,2264
03748.wav,15-600564
03749.wav,97-34
03750.wav,0000
03751.wav,266-6
03752.wav,06-557712-40-011
03753.wav,72720966
03754.wav,100-96
03755.wav,4280
03756.wav,
03757.wav,0
03758.wav,00
03759.wav,0
03760.wav,720
03761.wav,5983-05-9
03762.wav,05
03763.wav,1490-5133
03764.wav,928
03765.wav,099
03766.wav,43
03767.wav,811-89
03768.wav,94-97
03769.wav,9632
03770.wav,270
03771.wav,913813
03772.wav,38-9277-9
03773.wav,6029
03774.wav,9810-456-69
03775.wav,09-62
03776.wav,67135
03777.wav,7726
03778.wav,2566-60
03779.wav,1709001
03780.wav,647600-24
03781.wav,1074
03782.wav,9189-31955115-67
03783.wav,99
03784.wav,7599
03785.wav,08-27
03786.wav,78
03787.wav,918-45-89
03788.wav,008
03789.wav,9
03790.wav,628503
03791.wav,6735
03792.wav,25-47
03793.wav,776-77
03794.wav,750880
03795.wav,19-72-80
03796.wav,42
03797.wav,640
03798.wav,86
03799.wav,0172
03800.wav,0
03801.wav,2
03802.wav,54-25
03803.wav,0466-92-58
03804.wav,515881439-305
03805.wav,00
03806.wav,0
03807.wav,936292
03808.wav,985-38
03809.wav,8165
03810.wav,87-849
03811.wav,524-63186-5
03812.wav,985050-6
03813.wav,48
03814.wav,68
03815.wav,67-0761
03816.wav,0
03817.wav,3089
03818.wav,629
03819.wav,93
03820.wav,012
03821.wav,01-7
03822.wav,19
03823.wav,5-70
03824.wav,803
03825.wav,21499
03826.wav,41
03827.wav,2592
03828.wav,82
03829.wav,3
03830.wav,8793-43
03831.wav,7240
03832.wav,02-9146345190254
03833.wav,00
03834.wav,8076336232
03835.wav,
03836.wav,34-64735-68
03837.wav,049
03838.wav,239-238
03839.wav,4956
03840.wav,399-
03841.wav,9728
03842.wav,3635
03843.wav,0545-95
03844.wav,560-15
03845.wav,02
03846.wav,5949--29
03847.wav,724742
03848.wav,75-56-7
03849.wav,0816
03850.wav,3877
03851.wav,935
03852.wav,97595-8
03853.wav,193871
03854.wav,5
03855.wav,518-55012
03856.wav,00
03857.wav,302
03858.wav,
03859.wav,953543
03860.wav,59-19-8
03861.wav,2
03862.wav,853714-7238
03863.wav,227-8
03864.wav,58
03865.wav,0444
03866.wav,61
03867.wav,852
03868.wav,35-53-10
03869.wav,00
03870.wav,79946
03871.wav,05-
03872.wav,0
03873.wav,35
03874.wav,04608092
03875.wav,506-515
03876.wav,5
03877.wav,0
03878.wav,4087
03879.wav,7292
03880.wav,871
03881.wav,3778
03882.wav,00
03883.wav,978000
03884.wav,077251
03885.wav,06862491
03886.wav,465-98
03887.wav,4178-63-24
03888.wav,02
03889.wav,96887957
03890.wav,003
03891.wav,18185
03892.wav,2
03893.wav,0519
03894.wav,20894-4
03895.wav,533-36-0153
03896.wav,449395
03897.wav,45-6881
03898.wav,94
03899.wav,29-9667643
03900.wav,899-18531
03901.wav,2
03902.wav,60
03903.wav,75-7114
03904.wav,0
03905.wav,049-33
03906.wav,050
03907.wav,
03908.wav,5920
03909.wav,0
03910.wav,914-12741
03911.wav,8271773
03912.wav,82
03913.wav,91
03914.wav,97522-839-5
03915.wav,0
03916.wav,29
03917.wav,298
03918.wav,03821
03919.wav,620
03920.wav,772
03921.wav,0
03922.wav,02153-8407
03923.wav,58913171
03924.wav,95-447
03925.wav,9-3
03926.wav,
03927.wav,76-4
03928.wav,44719-4527
03929.wav,-3
03930.wav,
03931.wav,0156142
03932.wav,58870
03933.wav,10-16-42
03934.wav,68
03935.wav,82-8416-64-440
03936.wav,38-9
03937.wav,11-1568453-153
03938.wav,077054571-879-10
03939.wav,8672
03940.wav,42807
03941.wav,46-92
03942.wav,26
03943.wav,42968
03944.wav,73
03945.wav,0-
03946.wav,00
03947.wav,21-532-314
03948.wav,00
03949.wav,752-530
03950.wav,23192
03951.wav,553-5
03952.wav,6910
03953.wav,99-810-19
03954.wav,291-87
03955.wav,
03956.wav,89-9549-59097
03957.wav,0
03958.wav,8570
03959.wav,52
03960.wav,420450
03961.wav,0
03962.wav,
03963.wav,01806
03964.wav,467481
03965.wav,
03966.wav,45025
03967.wav,30
03968.wav,0959
03969.wav,0
03970.wav,34-54484-7077
03971.wav,2296-642
03972.wav,09-3
03973.wav,26
03974.wav,3
03975.wav,33-38
03976.wav,0-942-
03977.wav,02
03978.wav,10
03979.wav,988
03980.wav,
03981.wav,9945839
03982.wav,2379
03983.wav,28
03984.wav,4530
03985.wav,113420-76-6
03986.wav,055455
03987.wav,215427
03988.wav,853-68
03989.wav,2458669
03990.wav,73-81
03991.wav,43-4
03992.wav,889565
03993.wav,82-68-269
03994.wav,69
03995.wav,69
03996.wav,00
03997.wav,0
03998.wav,923088
03999.wav,6565
04000.wav,01
04001.wav,63
04002.wav,8970
04003.wav,882
04004.wav,16-16665
04005.wav,26204455
04006.wav,4786-14
04007.wav,72
04008.wav,38-58-929-7595-65-34
04009.wav,38
04010.wav,089
04011.wav,54-1298
04012.wav,0667
04013.wav,067
04014.wav,58832
04015.wav,507
04016.wav,772-1
04017.wav,0
04018.wav,80-2862269-087
04019.wav,7
04020.wav,7373076-63-0476
04021.wav,670
04022.wav,18807
04023.wav,4259
04024.wav,330
04025.wav,76-13
04026.wav,92426
04027.wav,02-47
04028.wav,58
04029.wav,265696-73
04030.wav,465915
04031.wav,0
04032.wav,3
04033.wav,266-4827-7608
04034.wav,42-997
04035.wav,01
04036.wav,9
04037.wav,7168-54630
04038.wav,4296-94
04039.wav,23-67-43791-9
04040.wav,8958-324-43364
04041.wav,60
04042.wav,42-304-3
04043.wav,0035
04044.wav,37967-
04045.wav,2
04046.wav,94498
04047.wav,0
04048.wav,74701
04049.wav,0
04050.wav,94-8
04051.wav,11
04052.wav,017
04053.wav,8
04054.wav,94
04055.wav,50-9
04056.wav,2211-5530
04057.wav,0
04058.wav,3744
04059.wav,74
04060.wav,7115985
04061.wav,5--8
04062.wav,327
04063.wav,81
04064.wav,1424
04065.wav,604-
04066.wav,7
04067.wav,87854
04068.wav,2998
04069.wav,70-62314
04070.wav,903
04071.wav,47-6
04072.wav,02787
04073.wav,0212
04074.wav,106918849
04075.wav,61
04076.wav,0
04077.wav,693
04078.wav,11-62
04079.wav,683846
04080.wav,75-96
04081.wav,87522
04082.wav,95922
04083.wav,72-81
04084.wav,48
04085.wav,4
04086.wav,1251
04087.wav,8591
04088.wav,921
04089.wav,00
04090.wav,141-0
04091.wav,00
04092.wav,482
04093.wav,55650
04094.wav,90
04095.wav,
04096.wav,3406
04097.wav,48-455
04098.wav,69
04099.wav,0
04100.wav,80-7
04101.wav,9320
04102.wav,93148766-672
04103.wav,0
04104.wav,11477067
04105.wav,70462652
04106.wav,0
04107.wav,4
04108.wav,4
04109.wav,735-251
04110.wav,154
04111.wav,71
04112.wav,406-26-70
04113.wav,2733
04114.wav,6
04115.wav,30--3-5
04116.wav,40877
04117.wav,2
04118.wav,177-445-41
04119.wav,80229-7
04120.wav,
04121.wav,21
04122.wav,6
04123.wav,746-24961
04124.wav,88-416
04125.wav,82-11-0
04126.wav,85560-5487954-85
04127.wav,3
04128.wav,72515-242
04129.wav,513
04130.wav,5015455
04131.wav,7811
04132.wav,4281812
04133.wav,13
04134.wav,1406
04135.wav,74581999
04136.wav,78-953
04137.wav,657-12
04138.wav,4-24386587
04139.wav,658-47-0
04140.wav,3
04141.wav,95390
04142.wav,510
04143.wav,8
04144.wav,05-624854
04145.wav,71
04146.wav,9
04147.wav,58
04148.wav,815556
04149.wav,4327
04150.wav,47
04151.wav,966
04152.wav,0
04153.wav,352
04154.wav,66-8
04155.wav,0802
04156.wav,74778
04157.wav,44284-74-4396710
04158.wav,57
04159.wav,30-99
04160.wav,0
04161.wav,67-739
04162.wav,444217
04163.wav,9314
04164.wav,53-439915
04165.wav,533-827
04166.wav,7005
04167.wav,276496-470
04168.wav,40-0-
04169.wav,1
04170.wav,0
04171.wav,-4249
04172.wav,9372
04173.wav,2498
04174.wav,41
04175.wav,0
04176.wav,528551
04177.wav,8
04178.wav,957376
04179.wav,189997-5352875
04180.wav,97705222
04181.wav,6839-013646478
04182.wav,3029
04183.wav,930-32538-740
04184.wav,584-9
04185.wav,064-08
04186.wav,33-88-2
04187.wav,48508-53-44-6
04188.wav,20-32224-0559375
04189.wav,11794
04190.wav,90
04191.wav,867058-4
04192.wav,99909
04193.wav,00
04194.wav,8462465
04195.wav,352-94329
04196.wav,33-772
04197.wav,0
04198.wav,29178424
04199.wav,39156807
04200.wav,632
04201.wav,108
04202.wav,69-19-1-4
04203.wav,121-798957
04204.wav,4419041-87-9
04205.wav,498
04206.wav,212-649-2
04207.wav,96
04208.wav,06-566
04209.wav,00
04210.wav,3443-5
04211.wav,84245-47263423518
04212.wav,87-4331
04213.wav,9599053
04214.wav,
04215.wav,3
04216.wav,17-8319
04217.wav,529952-073
04218.wav,8-537039
04219.wav,902
04220.wav,56-0
04221.wav,09-555
04222.wav,0251071
04223.wav,00
04224.wav,090701
04225.wav,0701012
04226.wav,83-1218549
04227.wav,3
04228.wav,
04229.wav,87-05
04230.wav,6753
04231.wav,61206-63
04232.wav,44-20
04233.wav,0050
04234.wav,140
04235.wav,01
04236.wav,49-59-27-422-98
04237.wav,600
04238.wav,5105
04239.wav,6676-87-633540-26
04240.wav,
04241.wav,293
04242.wav,900540-732
04243.wav,1216757
04244.wav,8
04245.wav,1943-61
04246.wav,8646
04247.wav,45896
04248.wav,33
04249.wav,58972785306
04250.wav,0
04251.wav,47-6
04252.wav,6826
04253.wav,59579
04254.wav,597
04255.wav,08-4296
04256.wav,888-25
04257.wav,1428823
04258.wav,
04259.wav,82-8
04260.wav,44-6
04261.wav,9
04262.wav,7359
04263.wav,2719459
04264.wav,3024
04265.wav,00
04266.wav,59
04267.wav,95
04268.wav,0
04269.wav,96780590
04270.wav,82-0270-708
04271.wav,-
04272.wav,109362-3
04273.wav,
04274.wav,04
04275.wav,50
04276.wav,986-2
04277.wav,4194785
04278.wav,45
04279.wav,905
04280.wav,92
04281.wav,159652-69959365
04282.wav,21-70
04283.wav,72845-567
04284.wav,9281-219
04285.wav,7163
04286.wav,3925-1
04287.wav,67
04288.wav,356-9637
04289.wav,97-591-5
04290.wav,
04291.wav,876-4212
04292.wav,89-196-741-5
04293.wav,476
04294.wav,87700276-3626
04295.wav,0318043
04296.wav,00
04297.wav,5157
04298.wav,347-705-55-7
04299.wav,865-78
04300.wav,74363752
04301.wav,384
04302.wav,1898
04303.wav,24870
04304.wav,27
04305.wav,-
04306.wav,5587
04307.wav,0
04308.wav,40260
04309.wav,759167043
04310.wav,1580-09684-9163
04311.wav,2490
04312.wav,42--0
04313.wav,63
04314.wav,04-3769-69
04315.wav,443
04316.wav,81
04317.wav,9702
04318.wav,721230
04319.wav,03
04320.wav,-40
04321.wav,76-159
04322.wav,885
04323.wav,
04324.wav,92
04325.wav,43-3957
04326.wav,590057
04327.wav,02-63
04328.wav,1480
04329.wav,1734
04330.wav,440
04331.wav,190888571
04332.wav,385
04333.wav,70
04334.wav,611584
04335.wav,0
04336.wav,
04337.wav,46-4
04338.wav,4-0
04339.wav,9398--7
04340.wav,0
04341.wav,437-561-96
04342.wav,059-54
04343.wav,5183
04344.wav,210
04345.wav,4
04346.wav,6646809
04347.wav,84
04348.wav,367
04349.wav,00
04350.wav,27547-152
04351.wav,449088
04352.wav,0
04353.wav,251252
04354.wav,714-
04355.wav,1
04356.wav,9645
04357.wav,91
04358.wav,47155
04359.wav,1346229-899411156572
04360.wav,71
04361.wav,099102
04362.wav,289-28
04363.wav,082
04364.wav,0
04365.wav,
04366.wav,00631789
04367.wav,55552
04368.wav,0
04369.wav,
04370.wav,70-8614457-16
04371.wav,192
04372.wav,07-024-113-2489
04373.wav,32404
04374.wav,7
04375.wav,4448-223
04376.wav,142-2788558
04377.wav,5-79
04378.wav,11
04379.wav,44-649-96-
04380.wav,0555
04381.wav,448
04382.wav,013
04383.wav,545-8267445
04384.wav,71
04385.wav,945889-82
04386.wav,9998
04387.wav,82079
04388.wav,73165042
04389.wav,082
04390.wav,43-848
04391.wav,021-8850
04392.wav,529
04393.wav,540-847
04394.wav,30859649
04395.wav,960
04396.wav,40-8476
04397.wav,25256-4779905-6
04398.wav,5
04399.wav,88864-4
04400.wav,32
04401.wav,8354156
04402.wav,4455-59
04403.wav,0
04404.wav,69049
04405.wav,6155-
04406.wav,88
04407.wav,47487-0
04408.wav,555-93
04409.wav,5003
04410.wav,67
04411.wav,592977
04412.wav,7303
04413.wav,68373-79
04414.wav,09
04415.wav,000
04416.wav,91663916604-7
04417.wav,952
04418.wav,37
04419.wav,158
04420.wav,00
04421.wav,594870-95
04422.wav,64-57934-31
04423.wav,89-10607
04424.wav,5
04425.wav,251-161
04426.wav,03
04427.wav,4532-8515
04428.wav,48-301-2255-1344
04429.wav,9992931
04430.wav,9775178548621
04431.wav,001
04432.wav,63
04433.wav,01
04434.wav,05
04435.wav,67494-120
04436.wav,41
04437.wav,60
04438.wav,8925238-2399406-508
04439.wav,931
04440.wav,80100-43
04441.wav,00
04442.wav,6354
04443.wav,20
04444.wav,52-57
04445.wav,205
04446.wav,637388-08
04447.wav,5850
04448.wav,290
04449.wav,327
04450.wav,0
04451.wav,00
04452.wav,6
04453.wav,168
04454.wav,085
04455.wav,63-657
04456.wav,34
04457.wav,94-18-44
04458.wav,7
04459.wav,71
04460.wav,5-
04461.wav,314700
04462.wav,8629
04463.wav,0
04464.wav,2995757
04465.wav,0401-5
04466.wav,38-131
04467.wav,026-555630-50
04468.wav,54-944-94
04469.wav,324082
04470.wav,811
04471.wav,62
04472.wav,186-0341163
04473.wav,89
04474.wav,2031829
04475.wav,7053-505
04476.wav,401
04477.wav,0
04478.wav,3
04479.wav,66748
04480.wav,79-9929-2
04481.wav,
04482.wav,060
04483.wav,8567
04484.wav,4
04485.wav,328
04486.wav,02
04487.wav,8144-96
04488.wav,785
04489.wav,
04490.wav,0554
04491.wav,8152004
04492.wav,02-9380-131
04493.wav,810
04494.wav,87737216-3
04495.wav,2644986160-80
04496.wav,7981-
04497.wav,562-97453
04498.wav,
04499.wav,164890
04500.wav,5291
04501.wav,
04502.wav,6529533-68377-1
04503.wav,521-95-72
04504.wav,17-55
04505.wav,0
04506.wav,582-3496
04507.wav,6935-59
04508.wav,746860
04509.wav,066538
04510.wav,26247
04511.wav,55
04512.wav,83
04513.wav,
04514.wav,02
04515.wav,45-02
04516.wav,97
04517.wav,583837575
04518.wav,4467-0656
04519.wav,44-2617
04520.wav,943791354
04521.wav,27770
04522.wav,28-438468363
04523.wav,0552-42968
04524.wav,77
04525.wav,937-9
04526.wav,92683-435
04527.wav,5840788111
04528.wav,01
04529.wav,15700497
04530.wav,16
04531.wav,40
04532.wav,237
04533.wav,92
04534.wav,49082-43
04535.wav,7323-25-57-89-84
04536.wav,47-9
04537.wav,08363-759306-27-2
04538.wav,96
04539.wav,4312
04540.wav,0
04541.wav,921191
04542.wav,40-084
04543.wav,47-47
04544.wav,195-768
04545.wav,71061941
04546.wav,2627
04547.wav,01
04548.wav,71-24
04549.wav,2663-342
04550.wav,632111
04551.wav,26158
04552.wav,9621
04553.wav,49
04554.wav,23-29
04555.wav,75-4
04556.wav,8424-13-94
04557.wav,80
04558.wav,54
04559.wav,29-4
04560.wav,61102
04561.wav,33198-265
04562.wav,27418594
04563.wav,74138
04564.wav,63
04565.wav,9
04566.wav,30-5
04567.wav,0
04568.wav,400-0
04569.wav,47280
04570.wav,107-620
04571.wav,16
04572.wav,920
04573.wav,0913
04574.wav,76
04575.wav,1020002
04576.wav,6
04577.wav,471
04578.wav,743042-538
04579.wav,313432
04580.wav,97-679360192
04581.wav,986-73
04582.wav,72611578-82502076
04583.wav,61737
04584.wav,3-66-7
04585.wav,4299
04586.wav,02
04587.wav,86-93140-03934825
04588.wav,25-620963
04589.wav,26093838
04590.wav,84250-3275
04591.wav,64
04592.wav,946
04593.wav,298
04594.wav,1382
04595.wav,904
04596.wav,50
04597.wav,673530
04598.wav,2
04599.wav,40104
04600.wav,19-65
04601.wav,305
04602.wav,0
04603.wav,76
04604.wav,41-7
04605.wav,542
04606.wav,1
04607.wav,19-14
04608.wav,759
04609.wav,4255076
04610.wav,32489
04611.wav,22099-813
04612.wav,3989
04613.wav,96740
04614.wav,0
04615.wav,835-15644571-1463-9582
04616.wav,2
04617.wav,421
04618.wav,178-7870-9885-7
04619.wav,83-38
04620.wav,88-46
04621.wav,019
04622.wav,61477370-9
04623.wav,9
04624.wav,3524
04625.wav,015
04626.wav,6196113-7
04627.wav,021
04628.wav,48
04629.wav,913-009
04630.wav,95
04631.wav,9444-64
04632.wav,006
04633.wav,942
04634.wav,3332-5
04635.wav,3
04636.wav,0
04637.wav,00
04638.wav,4042-40
04639.wav,18-48029
04640.wav,655-0
04641.wav,4561398-50
04642.wav,75398
04643.wav,17-75257
04644.wav,942
04645.wav,14-9
04646.wav,914-720
04647.wav,81-33-0
04648.wav,82370
04649.wav,226-4
04650.wav,5
04651.wav,59055
04652.wav,6688
04653.wav,70635
04654.wav,
04655.wav,688
04656.wav,2884-05
04657.wav,7325
04658.wav,640-98-568-64035
04659.wav,02
04660.wav,1908140
04661.wav,0570-43533
04662.wav,6337-653492395-44
04663.wav,802013-2
04664.wav,74-158
04665.wav,200-340
04666.wav,5
04667.wav,84726
04668.wav,29
04669.wav,1928601300
04670.wav,6046
04671.wav,64-8403017-4525
04672.wav,0963242
04673.wav,2185
04674.wav,
04675.wav,00
04676.wav,3694720946-706-5
04677.wav,0674
04678.wav,81-67775
04679.wav,4870
04680.wav,65773
04681.wav,2134
04682.wav,
04683.wav,02
04684.wav,0277-668
04685.wav,0941
04686.wav,0
04687.wav,954125
04688.wav,455-7
04689.wav,1219
04690.wav,787-384600-30-2549
04691.wav,0
04692.wav,378140848526-4661
04693.wav,8167
04694.wav,9523
04695.wav,091
04696.wav,263-4285
04697.wav,905
04698.wav,
04699.wav,22
04700.wav,0114000
04701.wav,17-2511
04702.wav,28699
04703.wav,85-45
04704.wav,0
04705.wav,2506
04706.wav,6819
04707.wav,0
04708.wav,75-8093-6
04709.wav,1106
04710.wav,4771
04711.wav,40
04712.wav,0970
04713.wav,812
04714.wav,7
04715.wav,
04716.wav,00-70535
04717.wav,
04718.wav,362
04719.wav,01
04720.wav,6
04721.wav,95-02
04722.wav,5993
04723.wav,0
04724.wav,32384377
04725.wav,0
04726.wav,4240-3
04727.wav,3
04728.wav,6859
04729.wav,96348
04730.wav,75440679
04731.wav,1-01
04732.wav,2
04733.wav,0
04734.wav,6342-48
04735.wav,4404034
04736.wav,5811-6164
04737.wav,973505
04738.wav,00
04739.wav,
04740.wav,6
04741.wav,609-01
04742.wav,16-48
04743.wav,3
04744.wav,1978616
04745.wav,2000-6111221
04746.wav,44
04747.wav,190
04748.wav,73
04749.wav,8292322
04750.wav,3
04751.wav,94-53-1725-49-0
04752.wav,245833
04753.wav,66
04754.wav,209
04755.wav,0-
04756.wav,052
04757.wav,3571
04758.wav,593
04759.wav,881767-7
04760.wav,118-71
04761.wav,020
04762.wav,040
04763.wav,08316
04764.wav,0
04765.wav,5130-113
04766.wav,9420
04767.wav,410
04768.wav,29
04769.wav,34344
04770.wav,4599714-38
04771.wav,714-05
04772.wav,
04773.wav,182
04774.wav,37
04775.wav,0
04776.wav,70
04777.wav,052
04778.wav,0745
04779.wav,9700
04780.wav,2772-816
04781.wav,60
04782.wav,776
04783.wav,976-6-2
04784.wav,7807-7
04785.wav,38
04786.wav,05738
04787.wav,406-48-7
04788.wav,46
04789.wav,0
04790.wav,001
04791.wav,23326-45671
04792.wav,2143850692-34808
04793.wav,08-3-
04794.wav,5
04795.wav,52
04796.wav,51-92
04797.wav,3596-30-3
04798.wav,20-54
04799.wav,864
04800.wav,747
04801.wav,03396
04802.wav,25-061264-38-57510
04803.wav,3943-652799-3
04804.wav,
04805.wav,0
04806.wav,2
04807.wav,1
04808.wav,839052-0
04809.wav,78
04810.wav,4613-01
04811.wav,58931
04812.wav,76
04813.wav,7734-7310409
04814.wav,953-3846
04815.wav,858
04816.wav,0
04817.wav,074-17844018
04818.wav,237-6719205734
04819.wav,6461
04820.wav,3763
04821.wav,97-89485469
04822.wav,98-68-4
04823.wav,727012550
04824.wav,7
04825.wav,889042
04826.wav,52-2
04827.wav,870098823
04828.wav,758216-606117480
04829.wav,59-6
04830.wav,9
04831.wav,0
04832.wav,41-5593
04833.wav,659
04834.wav,3796-69-6979
04835.wav,519
04836.wav,60057--
04837.wav,
04838.wav,1258-169740
04839.wav,52470
04840.wav,676
04841.wav,36
04842.wav,0083538-6
04843.wav,86-56
04844.wav,0
04845.wav,2965
04846.wav,667007-72-4
04847.wav,84-24131
04848.wav,159
04849.wav,99-34
04850.wav,27-3781-0100
04851.wav,561
04852.wav,60-03-6
04853.wav,40
04854.wav,51149914
04855.wav,84-0090589
04856.wav,0
04857.wav,366--68
04858.wav,980
04859.wav,2244375-4072
04860.wav,550
04861.wav,871505572
04862.wav,93-89
04863.wav,505
04864.wav,3841
04865.wav,88
04866.wav,27
04867.wav,6606
04868.wav,8
04869.wav,62-1
04870.wav,7147-33
04871.wav,3457308-6785
04872.wav,695
04873.wav,05-01
04874.wav,0
04875.wav,9852
04876.wav,70-7
04877.wav,15
04878.wav,79-443
04879.wav,9266
04880.wav,0552
04881.wav,372
04882.wav,729
04883.wav,72-205
04884.wav,6315715-40
04885.wav,8639-760
04886.wav,06
04887.wav,759
04888.wav,79259
04889.wav,0
04890.wav,50-11
04891.wav,
04892.wav,0741807-378
04893.wav,7244
04894.wav,930
04895.wav,98-497
04896.wav,8428621
04897.wav,378-4
04898.wav,92
04899.wav,9456-50
04900.wav,015
04901.wav,385-0
04902.wav,503-1
04903.wav,3315
04904.wav,01
04905.wav,08-5
04906.wav,0568814804
04907.wav,232-132
04908.wav,60
04909.wav,387
04910.wav,24680756-88
04911.wav,57
04912.wav,33-9
04913.wav,11
04914.wav,89
04915.wav,5794-297
04916.wav,85
04917.wav,619143-488
04918.wav,17-4
04919.wav,31-64
04920.wav,277-54-7
04921.wav,090-7020
04922.wav,160066
04923.wav,94602
04924.wav,53-952-4
04925.wav,811396553
04926.wav,21-030
04927.wav,753
04928.wav,783838568
04929.wav,820512863179
04930.wav,71
04931.wav,7596
04932.wav,35578-251-6
04933.wav,0
04934.wav,0
04935.wav,028-299
04936.wav,8829
04937.wav,0
04938.wav,8240
04939.wav,2801
04940.wav,90
04941.wav,41
04942.wav,3584
04943.wav,99914
04944.wav,13141
04945.wav,0
04946.wav,51
04947.wav,053
04948.wav,592
04949.wav,02
04950.wav,84230
04951.wav,03
04952.wav,326
04953.wav,32-0588
04954.wav,2
04955.wav,975-83
04956.wav,264
04957.wav,806
04958.wav,108-794
04959.wav,10245
04960.wav,60
04961.wav,33-318
04962.wav,104
04963.wav,309699-32-
04964.wav,640
04965.wav,1085
04966.wav,9891-45113
04967.wav,78-3
04968.wav,743--17
04969.wav,19746
04970.wav,8133-548271
04971.wav,85-4
04972.wav,546
04973.wav,58078
04974.wav,37-45
04975.wav,95710
04976.wav,0
04977.wav,321
04978.wav,8675
04979.wav,617
04980.wav,
04981.wav,94-64
04982.wav,006-100
04983.wav,69103190
04984.wav,74357
04985.wav,0
04986.wav,29
04987.wav,
04988.wav,920-9-0
04989.wav,1213
04990.wav,8576
04991.wav,150
04992.wav,22
04993.wav,099476
04994.wav,01
04995.wav,42
04996.wav,44650
04997.wav,22633
04998.wav,90
04999.wav,071978
